規制種別,条件詳細,開始時間,終了時間,"座標リスト(緯度,経度)"
通禁（車両）,車両（小型特殊自動車及び特定小型原動機付自転車・軽車両を除く。） 終日,,,"[[34.7841496322529, 135.674890305908], [34.7850269212875, 135.676795976315]]"
通禁（車両）,車両（小型特殊自動車及び特定小型原動機付自転車・軽車両を除く。） 終日,,,"[[34.7845674672606, 135.675700798498], [34.7848578608592, 135.675617434034], [34.7852181324211, 135.675508130089], [34.7852181373204, 135.675509965736]]"
通禁（車両）,車両 終日,,,"[[34.8460472578199, 135.667255432593], [34.845991050845, 135.667364326677]]"
通禁（車両）,車両 終日,,,"[[34.8357120874494, 135.660073874626], [34.8355835621973, 135.660085530876]]"
通禁（車両）,車両（小型特殊自動車及び特定小型原動機付自転車・軽車両を除く。） 終日,,,"[[34.8025717538432, 135.663498933581], [34.8026409490415, 135.663621310382]]"
通禁（車両）,車両 終日,,,"[[34.8099061692177, 135.638377137238], [34.8098671116399, 135.638494105235]]"
通禁（車両）,車両 終日,,,"[[34.8225805081401, 135.709993903045], [34.8224552299447, 135.710063995538]]"
通禁（車両）,車両 終日,,,"[[34.7691547462035, 135.686814469829], [34.7691949874743, 135.686950384583]]"
通禁（二輪以外）,自動車（自動二輪車及び小型特殊自動車を除く。） 午前７時３０分から午前８時３０分まで,730.0,830.0,"[[34.8131101201328, 135.71854570582], [34.8132785637512, 135.718354323246], [34.8133234900198, 135.718278532072], [34.813463490881, 135.717819629636], [34.8135865599207, 135.71748476899], [34.8137048340798, 135.717146993986], [34.8137792716548, 135.716973370404], [34.8137792689772, 135.716972222691], [34.8137840467462, 135.716960554395]]"
通禁（二輪以外）,車両（自動二輪車、小型特殊自動車、一般原動機付自転車及び特定小型原動機付自転車・軽車両を除く。） 午前７時３０分から午前８時３０分まで,730.0,830.0,"[[34.8142096731913, 135.714875547831], [34.8140235718615, 135.714811758548]]"
通禁（大型等）,大型自動車、特定中型自動車及び大型特殊自動車 終日,,,"[[34.8192319503505, 135.652893321192], [34.819179388062, 135.652904155015], [34.8186284081324, 135.6523501396], [34.8178284648365, 135.651605805575], [34.8168922360077, 135.650691219377], [34.8165932379424, 135.650368256293], [34.8165051102633, 135.650209178895], [34.8163255075531, 135.64984328244], [34.8163336494812, 135.649840646592]]"
通禁（大型等）,大型自動車、特定中型自動車及び大型特殊自動車 終日,,,"[[34.7985875035561, 135.662731592507], [34.7988488240314, 135.663258150046], [34.7973320216252, 135.664437583414], [34.7968198934934, 135.664817636276], [34.7967421821957, 135.664904573263], [34.7966453657718, 135.665125442004], [34.7964002718259, 135.66575638399], [34.7962642071296, 135.665890789232], [34.7957936569859, 135.666235622324]]"
通禁（大型等）,大型貨物自動車、特定中型貨物自動車及び大型特殊自動車 終日,,,"[[34.8141323517664, 135.650169761584], [34.8144217405885, 135.648996020411], [34.8147977241438, 135.648096241009], [34.814890565366, 135.647939146253], [34.8155121415114, 135.647377231776], [34.8162343014623, 135.646630477133], [34.8165254831892, 135.646353562157]]"
通禁（大型等）,大型貨物自動車、特定中型貨物自動車及び大型特殊自動車 終日,,,"[[34.7932798911545, 135.658451514241], [34.793208104214, 135.657157839759], [34.7930060260755, 135.654598233826], [34.7928476023512, 135.652802491725], [34.7926846917839, 135.651676566871], [34.7930525789435, 135.650769076799], [34.7930649612087, 135.650629652418], [34.7930772138902, 135.650451500578]]"
通禁（大型等）,大型自動車、特定中型自動車及び大型特殊自動車 終日,,,"[[34.8035393000431, 135.65856647992], [34.803058748993, 135.658374472364], [34.8024613920123, 135.658227711216], [34.8021043433807, 135.658191877172], [34.8017165989258, 135.658178551898], [34.8010336830062, 135.658241039225], [34.8006705462477, 135.658220192164], [34.8004118500158, 135.658139190864], [34.7998203764395, 135.657895431077], [34.7992967750206, 135.657718518851], [34.7987859442809, 135.657690817794], [34.7985458361351, 135.657654506522], [34.7982562693843, 135.657543790524], [34.7980097936418, 135.657432908858], [34.7977202145773, 135.657314730334], [34.7975293665593, 135.65728568181], [34.7972462482866, 135.657271941461]]"
通禁（大型等）,大型貨物自動車、特定中型貨物自動車及び大型特殊自動車 終日,,,"[[34.8026098898787, 135.640449441189], [34.8035481333789, 135.640313080713], [34.8040554843671, 135.640251323193], [34.8042084117232, 135.64029037936], [34.8043560811089, 135.64040220418], [34.8044822069777, 135.640606770721], [34.8047732080691, 135.641207582266], [34.8050697542929, 135.641824986616], [34.8054423338765, 135.642332838929]]"
通禁（大型等）,大型自動車、特定中型自動車及び大型特殊自動車 終日,,,"[[34.8110083652561, 135.657582579428], [34.8110358661131, 135.657767032448]]"
通禁（大型等）,大型貨物自動車、特定中型貨物自動車及び大型特殊自動車 終日,,,"[[34.7875343510656, 135.668661328359], [34.7874514486569, 135.667317235443], [34.7873908796072, 135.666893346839], [34.7872966638864, 135.666245525319], [34.7873356160811, 135.666005304134], [34.7875523435681, 135.66558830363], [34.7877824305416, 135.665227270097], [34.7878414949013, 135.665099001004], [34.7878275384251, 135.664826963223], [34.7877676672065, 135.664659157297], [34.7876350887999, 135.664451651353], [34.7875814443356, 135.664155767618], [34.7875279499695, 135.66390791869], [34.7875204347769, 135.66357983354], [34.7875523838934, 135.663195599184], [34.7876241780308, 135.662899220346], [34.787808090996, 135.662554363012], [34.7880316940501, 135.662241359575], [34.788314490476, 135.661848084393], [34.7884459742651, 135.661647497625], [34.788557349057, 135.661334945181], [34.788648305743, 135.660806390866], [34.7886872022198, 135.660550155129], [34.7889398737089, 135.658800631014]]"
通禁（大型等）,大型自動車、特定中型自動車及び大型特殊自動車 終日,,,"[[34.8104806629841, 135.661145699448], [34.8110302199069, 135.657887384338], [34.813292956564, 135.656905377886], [34.8147312079584, 135.656392037115]]"
通禁（大型等）,大型自動車、特定中型自動車及び大型特殊自動車 終日,,,"[[34.8088744221967, 135.637684881616], [34.8090281506899, 135.636610631361], [34.8090283420508, 135.634796437526], [34.8089839752922, 135.633084365709], [34.8089777710537, 135.632873806815]]"
通禁（大型等）,大型自動車、特定中型自動車及び大型特殊自動車 終日,,,"[[34.8388549829577, 135.690081940446], [34.838804399642, 135.689913202667], [34.8392229453838, 135.688019689581], [34.8397076304625, 135.685842161849], [34.839950030693, 135.684793915049], [34.8400766222141, 135.684198814677], [34.8401090482564, 135.683820301318], [34.8402497848159, 135.682248777739], [34.8405421097508, 135.67900772654], [34.8407806848649, 135.676560747834], [34.8410666892975, 135.673120299725], [34.8411371463854, 135.672383526927], [34.8413567516397, 135.671186670127], [34.8415974934545, 135.669563993646], [34.8416850900468, 135.668979228045], [34.8426364168872, 135.668502428357], [34.8432483984396, 135.6681958999], [34.8433708395875, 135.668127912629], [34.8434763483516, 135.668005857049], [34.8437697331507, 135.667315435078], [34.8442845127653, 135.666103825575], [34.8446518640832, 135.665970597579], [34.8451248797478, 135.665779492592], [34.8453305716745, 135.665623250799], [34.8453306621194, 135.66562335978]]"
通禁（大型等）,大型自動車、特定中型自動車及び大型特殊自動車 終日,,,"[[34.8273842937765, 135.68740572232], [34.827725848938, 135.687342088354], [34.8278328941179, 135.687307893091], [34.8281153390182, 135.687149686618], [34.8284309772141, 135.686984236619], [34.8285058778045, 135.686933336824], [34.8286061461502, 135.68676666508]]"
通禁（大型等）,大型自動車、特定中型自動車及び大型特殊自動車 終日,,,"[[34.8006552860096, 135.674601474881], [34.8004004334539, 135.673858952552], [34.8002430634514, 135.673357359658], [34.8001018983486, 135.672881803074], [34.7999876146556, 135.672393104717], [34.799846252129, 135.671845806507], [34.7997159332886, 135.671402824817], [34.7996939119677, 135.671213758956], [34.7997032442289, 135.67069195664], [34.7997395016792, 135.670170058574], [34.7997276486537, 135.669759254523], [34.7996511584158, 135.669329112071], [34.7995639742257, 135.668918564224], [34.799503670968, 135.668507910328], [34.7994437048935, 135.668221185944], [34.7993294202005, 135.667745537628], [34.7993130068982, 135.667647759565], [34.7993233065589, 135.667478150705], [34.7993605063709, 135.667308445302], [34.7994355039406, 135.667190739945], [34.7995905050517, 135.666818362127], [34.8001096704731, 135.665824977597], [34.8002327623218, 135.665589680629], [34.8003560513836, 135.665426140089], [34.8005653871784, 135.665249193344], [34.8009841119862, 135.664921405757], [34.8012958195522, 135.664802742968], [34.8015913454638, 135.664664603559], [34.8018275714795, 135.66448754372], [34.8024074891133, 135.664064593748], [34.8032235483426, 135.663448189247], [34.8034651184855, 135.663241820423], [34.8035723763988, 135.663117471358], [34.8036255168294, 135.662882454032], [34.8036786204643, 135.66262785149], [34.8039033277003, 135.662176908397], [34.8042887180666, 135.661470909192], [34.8047064686958, 135.660790881534], [34.805070423973, 135.660107842766], [34.8050705278693, 135.660103088074]]"
通禁（大型等）,大型貨物自動車、特定中型貨物自動車及び大型特殊自動車 終日,,,"[[34.8149848566386, 135.656307579836], [34.8155078050461, 135.655896170065], [34.8166791339856, 135.654934342037], [34.8176203937441, 135.654165984004], [34.8184236724063, 135.653520251997], [34.8191075883296, 135.652953066002], [34.8192441980286, 135.65286677278]]"
通禁（大型等）,大型貨物自動車、特定中型貨物自動車及び大型特殊自動車 終日,,,"[[34.814165806005, 135.669157808521], [34.8144836104601, 135.668634858142], [34.814687940594, 135.668243634049], [34.8147899398007, 135.667984061422], [34.8148586930234, 135.667748176731], [34.8149025762584, 135.66755615752], [34.815053064512, 135.666732717054], [34.8151543782523, 135.666227455608], [34.8152721079872, 135.665617826288], [34.8153408478059, 135.665381960256], [34.8144875395114, 135.668614456923], [34.8146609404317, 135.66832284673], [34.8147849716131, 135.668003537795], [34.8148435070999, 135.667776143397], [34.815047692719, 135.666723239877], [34.8151417746756, 135.666276519383], [34.8152812720058, 135.665606465195], [34.8153529577225, 135.665383004524]]"
通禁（大型等）,大型貨物自動車、特定中型貨物自動車及び大型特殊自動車 終日,,,"[[34.8141465923635, 135.654420588898], [34.8144458439085, 135.655243575462], [34.8146478343057, 135.655798012049], [34.814928909574, 135.656521352367], [34.8150229466334, 135.656876690811], [34.815037678741, 135.657037135743], [34.8150418837142, 135.657249675971], [34.8150209787864, 135.657457991228], [34.8149893510739, 135.657648992698], [34.8148548100271, 135.658148443233], [34.8147586704803, 135.658326701983], [34.8145486502272, 135.65870930598], [34.814474036901, 135.658874467645], [34.8144642759333, 135.659225882302], [34.8144763331536, 135.659694383331], [34.8144239620299, 135.660180461802], [34.8144210819376, 135.660414715727], [34.8148497232844, 135.66146278432], [34.8149144634359, 135.661610062144], [34.8150193271183, 135.662026092615], [34.8150673238058, 135.662533429492], [34.8151221418563, 135.662952550687], [34.815152979356, 135.66330671031], [34.8151772305036, 135.66344398865], [34.8152677763272, 135.663848516011]]"
通禁（大型等）,大型貨物自動車、特定中型貨物自動車及び大型特殊自動車 終日（日曜及び休日に限る。）,,,"[[34.8217366284607, 135.665892960292], [34.8220463600957, 135.666907321075], [34.8227795982069, 135.669364438591], [34.8229624585789, 135.669954917326], [34.8236374582608, 135.672224259405], [34.824394131157, 135.674673296087], [34.8252454681517, 135.677480172834], [34.825929560372, 135.679696545854], [34.8264717204823, 135.681434060101], [34.8265978680594, 135.681869407455], [34.8266833342123, 135.682282173075], [34.8267371503996, 135.682547257762], [34.826794621442, 135.682990523232], [34.8268474384397, 135.683471621493], [34.8269483622051, 135.68440645264]]"
通禁（大型等）,大型貨物自動車、特定中型貨物自動車及び大型特殊自動車 終日（日曜及び休日に限る。）,,,"[[34.819997654411, 135.648926334046], [34.8196706828446, 135.650243926491], [34.8195314675117, 135.650756247603], [34.8193600308382, 135.651441656001], [34.8193194730388, 135.65221981144], [34.8193045598661, 135.652979735079], [34.8193318512436, 135.653550142982], [34.8194450407225, 135.655743623227], [34.819467679716, 135.656184386003], [34.819531916188, 135.65771420966], [34.8195762282334, 135.65826379226], [34.8196196736322, 135.65850218809], [34.8196846472702, 135.658792364541], [34.8199072043056, 135.659582503933], [34.8200497475225, 135.660082430745], [34.8204471437796, 135.661448861765]]"
通禁（大型等）,大型自動車、特定中型自動車及び大型特殊自動車 終日,,,"[[34.8268654048098, 135.683114639032], [34.8273393458601, 135.682914812337], [34.827600308978, 135.682811324437], [34.827896894131, 135.682709536224], [34.8283029811384, 135.682645088618], [34.8288863369754, 135.682600919552], [34.8305804510006, 135.682531616737], [34.8316910906324, 135.682474985872], [34.8327196184357, 135.682413452842], [34.8337956952332, 135.682377887998], [34.8348718992753, 135.682373798402], [34.8359307530849, 135.682343589646], [34.8370759891625, 135.682292056901], [34.8390293640166, 135.682195549524], [34.8399282323167, 135.682150172737], [34.8406975408542, 135.682136792475], [34.8411599470207, 135.682114037238], [34.8417953308514, 135.682101213616], [34.8426078843954, 135.682108583833], [34.8429407408095, 135.682128268522], [34.8434855364186, 135.682215294571], [34.8446493335793, 135.682635529339], [34.8452549476769, 135.68283766647], [34.8452550247791, 135.682842947578]]"
通禁（大型等）,大型貨物自動車、特定中型貨物自動車及び大型特殊自動車 終日,,,"[[34.8465173203685, 135.700506515551], [34.8470102907644, 135.700875190177], [34.8474180501807, 135.701086394843], [34.8476728356762, 135.701195231799], [34.8479500160655, 135.701214802126], [34.8481708668703, 135.701323784296], [34.8485104269417, 135.701384345251], [34.8491041784823, 135.701327312476], [34.8495000229737, 135.701298461179], [34.849613145933, 135.701277506265], [34.8498337881133, 135.701304148355], [34.8500150591459, 135.701420121398], [34.8506213226571, 135.701857008871], [34.8509782278824, 135.702095848092], [34.8513862009059, 135.70240310509], [34.8516695808404, 135.702611407032]]"
通禁（大型等）,大型自動車、特定中型自動車及び大型特殊自動車 終日,,,"[[34.805068254683, 135.649225835907], [34.8049164891889, 135.649329703777], [34.8048071644377, 135.649389172306], [34.804703815079, 135.649404340925], [34.8045028890268, 135.649338836859], [34.8043871143586, 135.649265585647], [34.8040196294383, 135.648389598218], [34.8039339750518, 135.648220361449], [34.8039337616259, 135.648146612208], [34.8039555804201, 135.647276392521], [34.8039551957497, 135.64714365881], [34.8039000650806, 135.647011156468], [34.8038389860138, 135.646922921351], [34.8037111900136, 135.646901343346], [34.8036018530782, 135.646953415817], [34.8035473398055, 135.647034775262], [34.8035173368587, 135.647174993886], [34.8034996683989, 135.647374175732], [34.8034878190862, 135.647484839684], [34.803433349522, 135.647580929996], [34.8033909307875, 135.647632728051], [34.8033544935676, 135.647655003035], [34.8032815213233, 135.647662700438], [34.8032603143981, 135.647673894294]]"
通禁（大型等）,大型自動車、特定中型自動車及び大型特殊自動車 終日,,,"[[34.8120380331312, 135.678062951469], [34.8119265772255, 135.677533092123], [34.8118665343128, 135.67723568416], [34.8118430629278, 135.676897091222], [34.811872665065, 135.676356410139], [34.8119634748568, 135.675490489584], [34.8120545249437, 135.674703285996], [34.8121686931667, 135.674134934255], [34.812255054909, 135.673717200382], [34.8125000137122, 135.672447009079], [34.8125613335179, 135.672145756889], [34.8126060001649, 135.671967678255], [34.8126704269769, 135.67178951038], [34.8129286969108, 135.671302677494], [34.813428634286, 135.670441958379], [34.8140409181002, 135.669361887235]]"
通禁（大型等）,大型貨物自動車、特定中型貨物自動車及び大型特殊自動車 終日,,,"[[34.8128011503985, 135.718756852558], [34.8131119850662, 135.718825292684], [34.813229917764, 135.718952882419], [34.8133786232, 135.719347360434], [34.813475426216, 135.719464080833], [34.813581126292, 135.719525878023], [34.813753110192, 135.719550911983], [34.8138646226451, 135.719510313208], [34.8140031432123, 135.719414751548], [34.814541855069, 135.718869913404], [34.814975023935, 135.718363757065], [34.8152637651713, 135.717995265064], [34.8161340185435, 135.716736022844], [34.8164046701307, 135.716356648362], [34.8166755181828, 135.716092396937], [34.8167929604061, 135.71600970767], [34.8171636450198, 135.715882278036], [34.8175208740448, 135.715798770975], [34.8180319909836, 135.715720258945], [34.81825352114, 135.715653675248], [34.8184071832097, 135.715581834975], [34.818596940419, 135.715471469146], [34.8189358426216, 135.715289265732], [34.8201199945023, 135.71475309538], [34.8214219295383, 135.714241254859], [34.8221497538101, 135.713980900835], [34.8229996606787, 135.71367081041], [34.8232436900364, 135.713543787665], [34.8234288951265, 135.713416954271], [34.8236773874101, 135.713229678481], [34.8238940662428, 135.713020438276], [34.8241106440473, 135.712772814171], [34.8243270860637, 135.71246481025], [34.8244803612867, 135.712233853672], [34.8245660019179, 135.712096381124], [34.8247010474244, 135.711805128471], [34.8250612082281, 135.711057711908], [34.8250625339812, 135.711057925983]]"
通禁（大型等）,大型自動車、特定中型自動車及び大型特殊自動車 終日,,,"[[34.8158338711142, 135.663761095688], [34.8160510122717, 135.663303812515], [34.8162337605901, 135.663012891409], [34.8164744594401, 135.662671036448], [34.816728146497, 135.662390437978], [34.8168481052031, 135.662288533521], [34.8171194381944, 135.662097264838], [34.8173021219034, 135.66199509325], [34.8177356120516, 135.661825395839], [34.8179706963201, 135.661761060368], [34.8181797602604, 135.661747517856], [34.8186294890879, 135.661796406317], [34.818781153395, 135.661814797857], [34.8195970781705, 135.661932002699], [34.8199684570064, 135.662006561374], [34.8200784857537, 135.662094853574], [34.8206043900676, 135.662260760177]]"
通禁（大型等）,大型貨物自動車、特定中型貨物自動車及び大型特殊自動車 午前７時から午前９時まで,700.0,900.0,"[[34.8089958685101, 135.700363504424], [34.8088624549525, 135.700708328507], [34.808811308632, 135.700908855727], [34.8087835920543, 135.701190692683], [34.8088156234082, 135.701619441027], [34.8088600448224, 135.701832161468], [34.8092913948144, 135.702960675382], [34.8094212848042, 135.703288916686], [34.8098455606806, 135.704379281786], [34.8101148021618, 135.705209472594], [34.810190717527, 135.705378235686], [34.8113928267079, 135.707613858183], [34.8119238259064, 135.70859809215], [34.8130909530392, 135.710770637971], [34.8132545202957, 135.711157482094], [34.8133773139347, 135.711488111155], [34.8134857252746, 135.711836520672], [34.8135502318851, 135.712096938408], [34.8136208126313, 135.712459449783], [34.8136680014856, 135.712762186281], [34.8136919500453, 135.713061461725], [34.8136897965088, 135.713378458354], [34.8136760545104, 135.71371309315], [34.8136594343636, 135.714054766107], [34.8136568125983, 135.714158736586], [34.8136583182089, 135.714158786076]]"
通禁（大型等）,大型貨物自動車、特定中型貨物自動車及び大型特殊自動車 午前７時から午前９時まで,700.0,900.0,"[[34.8006293786602, 135.734916199755], [34.800716442137, 135.734398082521], [34.8008336517078, 135.733799663423], [34.8009677829595, 135.733384968064], [34.8011982165314, 135.73290313391], [34.8013216700284, 135.732648817923], [34.8014699543323, 135.732351121329], [34.8019029927987, 135.731893680793], [34.802282738955, 135.731631861022], [34.8027987579033, 135.731314485495], [34.8030671227704, 135.731138254333], [34.8034178029013, 135.730826421707], [34.8039375156918, 135.73029851803], [34.8045810158037, 135.729629995111], [34.8047251512849, 135.729378940879], [34.8048318179908, 135.729012745578], [34.8049461728282, 135.728385923536], [34.8050771669726, 135.727804129439], [34.805187978058, 135.727442933492], [34.8052662013297, 135.727297338846], [34.8058714900617, 135.726192849179], [34.8065263981157, 135.725133209471], [34.8068655109654, 135.724662107996], [34.8071578475858, 135.724365135957], [34.807338761549, 135.724161563376], [34.8075542590138, 135.723831002903], [34.8078390346754, 135.723280303711], [34.807971050761, 135.723009320668], [34.8080648661163, 135.722848297405], [34.8082562535856, 135.722648914084], [34.8085210005222, 135.722491563034], [34.8087092051536, 135.722427511724], [34.8088697575483, 135.72247348543], [34.809100315988, 135.722629193465], [34.8093096616222, 135.722641232159], [34.8095049012384, 135.722602525824], [34.8097069551507, 135.722487679673], [34.8098043933408, 135.722390089312], [34.8099365568034, 135.722224704128], [34.8100998560853, 135.72194506068], [34.810277118959, 135.721673807597], [34.8105508121106, 135.721161691058], [34.8107837740206, 135.720956190388], [34.8110068846211, 135.720798880073], [34.8114034179395, 135.720454331817], [34.8117752324156, 135.720164046227], [34.8120454591921, 135.71992539549], [34.8121866148662, 135.719756332138], [34.8124291264778, 135.719388179712], [34.8125749587426, 135.719101661461], [34.8126317641906, 135.718965987144]]"
通禁（大型等）,大型自動車、特定中型自動車及び大型特殊自動車 終日,,,"[[34.7867503121956, 135.694150115522], [34.78673784917, 135.694309804299]]"
通禁（大型等）,大型自動車、特定中型自動車及び大型特殊自動車 終日,,,"[[34.7873562060416, 135.67425673205], [34.7886692710621, 135.673304287063], [34.7901578467391, 135.672216954498], [34.7919063452679, 135.670915384924], [34.7919068728784, 135.670920464163]]"
通禁（大型等）,大型自動車、特定中型自動車及び大型特殊自動車 終日,,,"[[34.7957953163403, 135.666232178496], [34.7952116625012, 135.666699154135], [34.7951340570182, 135.666769742586], [34.7945032481583, 135.667507953732], [34.7940833699503, 135.667976794195], [34.7937254075813, 135.668486406655], [34.7929764349952, 135.669442313763], [34.792822264038, 135.669983900366], [34.7927721151526, 135.670259968284], [34.7922791027119, 135.670664840831]]"
通禁（大型等）,大型自動車、特定中型自動車及び大型特殊自動車 終日,,,"[[34.792634050427, 135.670928085476], [34.7910406815667, 135.670123817169], [34.7934651870502, 135.671354704891], [34.7941063455385, 135.671596317774]]"
通禁（大型等）,大型自動車、特定中型自動車及び大型特殊自動車 終日,,,"[[34.7935731406679, 135.696863710595], [34.7935372549759, 135.696980811926]]"
通禁（大型等）,大型自動車、特定中型自動車及び大型特殊自動車 終日,,,"[[34.8003538940087, 135.673659389708], [34.8004872602418, 135.674102106092], [34.800660175446, 135.674609444762]]"
通禁（大型等）,大型貨物自動車、特定中型貨物自動車及び大型特殊自動車 終日,,,"[[34.769312711733, 135.681505120816], [34.769264279515, 135.679878913742], [34.7692562850788, 135.679623277263], [34.7692286340085, 135.679376587312], [34.7691543844781, 135.679130088135], [34.7690728311095, 135.67891039357], [34.7689790473665, 135.678705582119], [34.7688065648761, 135.678426755789], [34.7681343377578, 135.677495829411], [34.767827693704, 135.677031027284], [34.7675389180557, 135.676394384598], [34.7672242621035, 135.675708785739], [34.7669874061748, 135.675203564679], [34.7669355286084, 135.675069966574], [34.7669168340629, 135.674963003569], [34.7669091916131, 135.674855986542], [34.7669125265279, 135.674731098273], [34.7669305648011, 135.67459278126], [34.7670292336424, 135.674333719856], [34.7672524447984, 135.673846726633], [34.7678014526936, 135.672702860455], [34.7679735036457, 135.67235876554], [34.7681164008221, 135.672121831865], [34.7685491807514, 135.671558169764], [34.7698806314227, 135.669842599825], [34.7702877876868, 135.669337002345], [34.7703703780682, 135.669211923926], [34.770729762041, 135.668733265572], [34.7710964757127, 135.668245648415]]"
通禁（大型等）,大型貨物自動車、特定中型貨物自動車及び大型特殊自動車 終日,,,"[[34.7844912256968, 135.674240103195], [34.7849894662858, 135.674583574978], [34.7855395034245, 135.674939621629], [34.7855585051783, 135.674992891225], [34.7855654490734, 135.675236680885], [34.7855672383701, 135.675238301972]]"
通禁（大型等）,大型自動車、特定中型自動車及び大型特殊自動車 終日,,,"[[34.7979409831047, 135.684961009369], [34.7980188135729, 135.685288808635], [34.7981504694109, 135.685476261915], [34.7983060953496, 135.685692545553], [34.7984259199001, 135.685937881354], [34.7985459672621, 135.686226545799], [34.7986303530197, 135.686602145152], [34.798678964085, 135.68693447109], [34.7987761030121, 135.68761359351], [34.7988128828018, 135.688003801986], [34.7988613266447, 135.688307241942], [34.798933600547, 135.68856718656], [34.7990535920966, 135.688870348811], [34.7992214960849, 135.689245642178], [34.7993535421204, 135.689577662215], [34.7994021250105, 135.689909987619], [34.7993790208975, 135.690213677173], [34.7992569859202, 135.690695597654], [34.7991646390984, 135.690968818417], [34.7990832340274, 135.69114005016], [34.798964388747, 135.691313976155], [34.7983918546731, 135.692162720262], [34.7983423065264, 135.692280207932], [34.7982916209922, 135.692483742052], [34.7982296892081, 135.692842204271], [34.7980923626963, 135.694033939855], [34.7980181552513, 135.694425787739], [34.7979916616303, 135.694633154882], [34.7980074416051, 135.694881767411], [34.7980502496165, 135.695340746399], [34.7980807504315, 135.695611050933], [34.7981412209655, 135.695943348648], [34.7982490729929, 135.696159824849], [34.7985723767919, 135.696679100248], [34.7989195108578, 135.697212762727]]"
通禁（大型等）,大型自動車、特定中型自動車及び大型特殊自動車 終日,,,"[[34.7772892509968, 135.672950164088], [34.7775325378709, 135.673120510183], [34.7777032855182, 135.673269192601], [34.7779267996381, 135.673492334445], [34.778132023301, 135.673635463878], [34.7784079280003, 135.673803501467], [34.7785294440804, 135.673838173655], [34.7787037566671, 135.673773859317], [34.7788952537363, 135.673723691851], [34.7792988035411, 135.67367763176], [34.7794904036387, 135.673642344357], [34.7800933608455, 135.673457135888], [34.7803499837798, 135.673357282404], [34.7807981353915, 135.673202363615], [34.7810628055512, 135.673067895983], [34.7814946478955, 135.67293278196], [34.7817229739724, 135.672907214061], [34.7818248788237, 135.672896925665], [34.7819086261117, 135.672926326849], [34.7821613976884, 135.672912987547], [34.7822775531814, 135.672895235157], [34.7825770758171, 135.672834751035], [34.7828154437179, 135.672772037432], [34.7831638136301, 135.672659515119], [34.783253334543, 135.672589977692], [34.7833877777668, 135.672547448253], [34.7836241599673, 135.672487243216]]"
通禁（大型等）,大型自動車、特定中型自動車及び大型特殊自動車 終日,,,"[[34.8406724301052, 135.689196650012], [34.8406736679882, 135.689678332836], [34.8407253613757, 135.689840137868]]"
通禁（３ｔ）,最大積載量3000キログラム以上の準中型貨物自動車及び中型貨物自動車（特定中型貨物自動車を除く。）、特定中型自動車、大型自動車並びに大型特殊自動車 終日,,,"[[34.8031478451299, 135.634963039441], [34.8031127809672, 135.63504883413]]"
通禁（３ｔ）,最大積載量3000キログラム以上の準中型貨物自動車及び中型貨物自動車（特定中型貨物自動車を除く。）、特定中型自動車、大型自動車並びに大型特殊自動車 終日,,,"[[34.8011982366911, 135.63295084054], [34.8012322576241, 135.632385991839], [34.8012969444729, 135.631348187857]]"
通禁（３ｔ）,最大積載量3000キログラム以上の準中型貨物自動車及び中型貨物自動車（特定中型貨物自動車を除く。）、特定中型自動車、大型自動車並びに大型特殊自動車 終日,,,"[[34.7908196864987, 135.630903361676], [34.7927074657652, 135.630051773741]]"
通禁（３ｔ）,最大積載量3000キログラム以上の準中型貨物自動車及び中型貨物自動車（特定中型貨物自動車を除く。）、特定中型自動車、大型自動車並びに大型特殊自動車 終日,,,"[[34.7908472808688, 135.630987306854], [34.7908214758457, 135.630904829014]]"
通禁（３ｔ）,最大積載量3000キログラム以上の準中型貨物自動車及び中型貨物自動車（特定中型貨物自動車を除く。）、特定中型自動車、大型自動車並びに大型特殊自動車 終日,,,"[[34.7933575839624, 135.629775901137], [34.7933343630348, 135.629686711041]]"
通禁（３ｔ）,最大積載量3000キログラム以上の準中型貨物自動車及び中型貨物自動車（特定中型貨物自動車を除く。）、特定中型自動車、大型自動車並びに大型特殊自動車 終日,,,"[[34.851378530515, 135.678399587278], [34.8512230899361, 135.677559970743], [34.8509989289122, 135.677041512005], [34.8509112069076, 135.676784304737], [34.8508687957581, 135.676548026444], [34.8508398290443, 135.67613858978], [34.8508493774648, 135.675813445351], [34.8509420806415, 135.675348637388], [34.8512970859177, 135.674080591274], [34.8514828137272, 135.673277639863], [34.8514528294339, 135.672505095349], [34.851470838321, 135.671441033487], [34.8515940005395, 135.670642557457], [34.8518414843252, 135.669484694584]]"
通禁（３ｔ）,最大積載量3000キログラム以上の準中型貨物自動車及び中型貨物自動車（特定中型貨物自動車を除く。）、特定中型自動車、大型自動車並びに大型特殊自動車 終日,,,"[[34.8251198887112, 135.710941462342], [34.8252317265157, 135.710702936143], [34.8253035668227, 135.710495879787], [34.8253779442812, 135.710260630512], [34.8254850707021, 135.71018512132], [34.8256504823269, 135.709669105742], [34.8257376806376, 135.709394624741], [34.8259993938221, 135.708588504819], [34.8262405991701, 135.707860801955], [34.8262793363194, 135.707834068489], [34.8264552213131, 135.707908635295], [34.8265819619731, 135.707952096758], [34.8266530138018, 135.70795341198], [34.8267201703279, 135.707928142484], [34.8268232424904, 135.707808718525], [34.8270176791422, 135.707533877443], [34.8273319588602, 135.707115302234], [34.8274285145505, 135.706970808979], [34.8276589070823, 135.706575284794], [34.8278093525529, 135.706277086858], [34.827955940467, 135.705994556578], [34.8281978185784, 135.705548827249], [34.8283483398084, 135.705283507966], [34.828682864343, 135.70467607543], [34.8288745287534, 135.704336974358], [34.8289787675992, 135.704136153207], [34.8291110509617, 135.703812916846], [34.8291906559658, 135.703610520516], [34.8292421194524, 135.703483528624], [34.8293334718833, 135.703329652716], [34.8294699781745, 135.703148982972], [34.8296336869378, 135.702999559485], [34.8297974363106, 135.702870492037], [34.8300902704211, 135.70264863444], [34.8302217124443, 135.702513427652], [34.8303557070566, 135.702364107889], [34.8305269935131, 135.702110518301], [34.8307174976953, 135.701823119678], [34.8308951879074, 135.701585904089], [34.8310961932435, 135.701331427884], [34.8312662594385, 135.701139663973], [34.8314660195892, 135.700929042156], [34.8316928481341, 135.700687741975], [34.8318114274566, 135.700576070623], [34.8319882113771, 135.70047677285], [34.8321753430338, 135.700391497235], [34.8322373778729, 135.700374119257], [34.8323652708104, 135.70036895632], [34.8324776927161, 135.700377931102], [34.8325423314553, 135.70039651371], [34.8326574554316, 135.700433741033], [34.8327609718829, 135.700505449875], [34.8328761214519, 135.700567703457], [34.8329136417647, 135.700589500103], [34.8329989686567, 135.70060021298], [34.8331061580217, 135.700585711527], [34.8331835787105, 135.700541568079], [34.8332519148417, 135.700491181639], [34.8332866740404, 135.700442490688], [34.8334217026826, 135.700172530939], [34.8335155260906, 135.699973206162], [34.8335668451404, 135.699825749161], [34.8335847045664, 135.699734796068], [34.833584441166, 135.69962825205], [34.8335647179568, 135.69949044368], [34.8335386316655, 135.699393395872], [34.8335020814539, 135.699228227955], [34.8335129126027, 135.699153415951], [34.8335516242104, 135.698939103345]]"
通禁（３ｔ）,最大積載量3000キログラム以上の準中型貨物自動車及び中型貨物自動車（特定中型貨物自動車を除く。）、特定中型自動車、大型自動車並びに大型特殊自動車 終日,,,"[[34.8287847010158, 135.653569601627], [34.8287271578021, 135.653688972129], [34.8287132101011, 135.653723084743], [34.8286588393072, 135.654342424475], [34.8285510739096, 135.655308760685], [34.8284261834008, 135.656415690062], [34.8282305273058, 135.657005337676], [34.8280744334815, 135.657647448316], [34.8280785259326, 135.657695304113], [34.8285190909052, 135.658555135082], [34.8287136054927, 135.658942097324], [34.8288727288315, 135.659374685461], [34.8289608683665, 135.659843457495], [34.8290530115518, 135.660331357412], [34.8291210916887, 135.660666214378], [34.8291097158427, 135.660838600563], [34.82907522064, 135.661207340978], [34.8291197220015, 135.661599690392], [34.8291759439498, 135.661944140983], [34.8293033186716, 135.662331365822], [34.8295423442457, 135.663096426111], [34.8299133863062, 135.663092537294], [34.8304897196063, 135.663085464894], [34.8311943499233, 135.663085054562], [34.8311943984635, 135.663086311632]]"
通禁（３ｔ）,最大積載量3000キログラム以上の準中型貨物自動車及び中型貨物自動車（特定中型貨物自動車を除く。）、特定中型自動車、大型自動車並びに大型特殊自動車 終日,,,"[[34.8414712499037, 135.682062535909], [34.8415252426, 135.68129348708], [34.8415888699507, 135.68019306406], [34.841646028567, 135.679300828015], [34.8416937019596, 135.678795159473], [34.8417374181654, 135.67809841009], [34.8417720058497, 135.677932612886], [34.8418556949323, 135.677796365584], [34.8422260253893, 135.677467852316], [34.8432568962443, 135.676614322443], [34.8442040255761, 135.675867316131], [34.8455006549461, 135.674866192368], [34.8462136220844, 135.674319712745]]"
通禁（３ｔ）,最大積載量3000キログラム以上の準中型貨物自動車及び中型貨物自動車（特定中型貨物自動車を除く。）、特定中型貨物自動車、大型貨物自動車並びに大型特殊自動車 終日,,,"[[34.8243440319359, 135.710176504117], [34.8254359797729, 135.710243897427], [34.8257451797951, 135.710271314867], [34.8263558589637, 135.710340426657], [34.8271036424763, 135.71048022989], [34.8273933740356, 135.710550394766], [34.8278711217899, 135.710672169315], [34.8281570498891, 135.710775582326], [34.8284077001013, 135.710869631232], [34.8286073778275, 135.710892683176], [34.8286934534175, 135.710892404429], [34.8293077856901, 135.710866537695], [34.8296402810459, 135.710822702874], [34.8304853091592, 135.710710670933], [34.8311307441729, 135.710608751479], [34.8312912017577, 135.710608193969], [34.8316982769983, 135.710625826999], [34.8320856008577, 135.710595990269], [34.8323124670672, 135.710566738776], [34.8327974427325, 135.710455904214], [34.8329774248253, 135.710436291635], [34.833509566801, 135.710387092357]]"
通禁（３ｔ）,最大積載量3000キログラム以上の準中型貨物自動車及び中型貨物自動車（特定中型貨物自動車を除く。）、特定中型自動車、大型自動車並びに大型特殊自動車 終日,,,"[[34.8417521699765, 135.677887619477], [34.841740363118, 135.677838079103], [34.8417623794049, 135.677579838902], [34.8418000760436, 135.677360135023], [34.8418994366764, 135.677007395708], [34.8419544524913, 135.67682570735], [34.8415317078399, 135.675620908924], [34.8415682478636, 135.675468366539], [34.8416287429638, 135.674602979637], [34.8416500486773, 135.674284647891], [34.8416792643048, 135.674141143203], [34.8417599960212, 135.673930147319], [34.8420502570645, 135.673301439957], [34.8420758365322, 135.67319375796], [34.8422631911779, 135.672780603982], [34.8424984724084, 135.672326933429], [34.8424954060191, 135.671172719814], [34.8424941971769, 135.670724476917], [34.8424937887274, 135.670563144362], [34.8425560298827, 135.670347733734], [34.8425741310814, 135.670204226775], [34.8426720361027, 135.669513516049], [34.8426753798547, 135.669383494772], [34.8426434892377, 135.668527450398]]"
通禁（３ｔ）,最大積載量3000キログラム以上の準中型貨物自動車及び中型貨物自動車（特定中型貨物自動車を除く。）、特定中型自動車、大型自動車並びに大型特殊自動車 終日,,,"[[34.8117567294196, 135.636399069509], [34.8112976914535, 135.636520421876], [34.8112422789754, 135.636560460636], [34.8111617616943, 135.636643433398], [34.8110458700621, 135.63671740087], [34.8109779186253, 135.636778917225], [34.8109631110797, 135.636895278774], [34.8108879243255, 135.637076183782], [34.8109163726506, 135.637302532658], [34.8109178915462, 135.637813609353], [34.8109124800385, 135.638529831551], [34.810912406208, 135.638644849934], [34.8109599233095, 135.638921624936]]"
通禁（３ｔ）,最大積載量3000キログラム以上の準中型貨物自動車及び中型貨物自動車（特定中型貨物自動車を除く。）、特定中型自動車、大型自動車並びに大型特殊自動車 終日,,,"[[34.8098393269557, 135.638576026236], [34.8097195120021, 135.63887519818], [34.8096730517686, 135.638991869925], [34.8096169503401, 135.63917725655], [34.8095902579931, 135.639314751411], [34.8095569145488, 135.639700145395], [34.8095303542099, 135.639876462764], [34.8094694083267, 135.64009173021], [34.8093737866958, 135.640241469064], [34.8092218864928, 135.640502007297]]"
通禁（３ｔ）,最大積載量3000キログラム以上の準中型貨物自動車及び中型貨物自動車（特定中型貨物自動車を除く。）、特定中型自動車、大型自動車並びに大型特殊自動車 終日,,,"[[34.8147412381529, 135.648040734074], [34.81361102172, 135.647859079908], [34.8132382361128, 135.647803285769], [34.8127973929798, 135.647712005499], [34.8126494913477, 135.647701877001], [34.8125071994956, 135.647580552408], [34.8123651180806, 135.64753812229], [34.8120751088443, 135.647464097316], [34.8120159402963, 135.647453592924], [34.8119360660537, 135.647446772435], [34.8118976177396, 135.647446935535], [34.8118578655591, 135.647454460219], [34.811813196931, 135.647348866877], [34.8117607347784, 135.647101672561], [34.8117037874181, 135.64684016743], [34.8116589683214, 135.646682590586], [34.8115592313386, 135.646457119284], [34.811527985146, 135.646385538925], [34.8114003153589, 135.646202366999], [34.8112607478105, 135.646007550951], [34.8111984384717, 135.645924495451], [34.8110946522972, 135.645826325476], [34.8109983326218, 135.645756826536], [34.8108887694167, 135.645708883822], [34.8106163800089, 135.64559355161], [34.8104772389918, 135.645545746358], [34.8101961023572, 135.645463636181], [34.8100673506711, 135.645426542209], [34.8097566064859, 135.645343640971], [34.8096205028996, 135.645317344772], [34.8094192788848, 135.645264460633], [34.8092535689723, 135.645234684111], [34.8092255047073, 135.645243777371], [34.8091945252156, 135.645267212232], [34.809058804437, 135.645366423114], [34.8090085454964, 135.645375600065], [34.8089685599065, 135.645352468046], [34.8088485135256, 135.645261551504], [34.8087803489577, 135.645208056338], [34.8086558839621, 135.64511362869], [34.8085802710709, 135.645037781165], [34.8085268126201, 135.644957336051], [34.8084998929533, 135.644851660841], [34.8084625577887, 135.644726334589], [34.8084060101409, 135.644585034612], [34.8083994578527, 135.644337982351], [34.8084245555603, 135.643815493432], [34.8084355992082, 135.6436117573], [34.808483005095, 135.643311070329], [34.8084569169639, 135.642919904161], [34.8084395051388, 135.642659804581], [34.808747142487, 135.642611112692], [34.8092028488896, 135.642558778389], [34.8093508298777, 135.642515821584], [34.8095750354255, 135.642387785782], [34.8096198970227, 135.642373482264], [34.8097297243445, 135.642385120492], [34.8101390516801, 135.642401537225], [34.8101550453523, 135.642183643142], [34.8101831015881, 135.641524045684], [34.8101602295848, 135.641100582255], [34.8101393060841, 135.640772934515], [34.81016058815, 135.64065586904], [34.8102167699608, 135.640524531073], [34.8105045444508, 135.639928372786]]"
通禁（３ｔ）,最大積載量3000キログラム以上の準中型貨物自動車及び中型貨物自動車（特定中型貨物自動車を除く。）、特定中型自動車、大型自動車並びに大型特殊自動車 終日,,,"[[34.7988500676295, 135.628055193846], [34.7993976985117, 135.628120264522], [34.7995679268032, 135.628132687447], [34.7997937224133, 135.628139191226], [34.8001231645689, 135.628152720282], [34.8002902833012, 135.628162359391]]"
通禁（３ｔ）,最大積載量3000キログラム以上の準中型貨物自動車及び中型貨物自動車（特定中型貨物自動車を除く。）、特定中型自動車、大型自動車並びに大型特殊自動車 終日,,,"[[34.7987666089168, 135.630780869483], [34.7988251964898, 135.630532857414], [34.7988697126438, 135.630303180066], [34.7988899366948, 135.630143236704], [34.7988952288797, 135.630021052433], [34.798887579007, 135.629649532894], [34.7988513318783, 135.629343154985], [34.798789181286, 135.628881038476], [34.7987613474811, 135.628546384123]]"
通禁（３ｔ）,最大積載量3000キログラム以上の準中型貨物自動車及び中型貨物自動車（特定中型貨物自動車を除く。）、特定中型自動車、大型自動車並びに大型特殊自動車 終日,,,"[[34.8224877578985, 135.708615513158], [34.8225364856485, 135.707556218042], [34.822587537991, 135.707473166497], [34.8227349367166, 135.70749595727], [34.8227775724304, 135.707459558613], [34.82279724526, 135.706757707015], [34.8228288932098, 135.705695919114], [34.8228221247241, 135.705550922895], [34.8227726308846, 135.705375031377], [34.8227803147976, 135.705025408393], [34.822781696526, 135.70470948821], [34.8227618497307, 135.704450608293], [34.8227272499779, 135.704272052252], [34.8226862402765, 135.704093508185], [34.8226366134601, 135.70387100582], [34.822595515311, 135.703656234963], [34.8225799772394, 135.703412852755], [34.8225807158434, 135.70283797537], [34.8225646022573, 135.701465605476], [34.8225578152216, 135.700424650821]]"
通禁（３ｔ）,最大積載量3000キログラム以上の準中型貨物自動車及び中型貨物自動車（特定中型貨物自動車を除く。）、特定中型自動車、大型自動車並びに大型特殊自動車 終日,,,"[[34.7801158830473, 135.660645635703], [34.7803700501638, 135.660927257982], [34.7807364973226, 135.661257341713], [34.7810647052332, 135.661549538709], [34.7812760761233, 135.661749842143], [34.7814537263309, 135.661925786815], [34.7816045333891, 135.662129003629], [34.7817013090688, 135.662259081386], [34.7817352064924, 135.662331035299], [34.781832962408, 135.662811689039], [34.7819419761271, 135.663308633166], [34.7820646566633, 135.663858581435], [34.7821710767591, 135.664230498262], [34.7822637835328, 135.664507357762], [34.7823676337457, 135.664765139399], [34.7823924645688, 135.664822118588]]"
通禁（３ｔ）,最大積載量3000キログラム以上の準中型貨物自動車及び中型貨物自動車（特定中型貨物自動車を除く。）、特定中型貨物自動車、大型貨物自動車並びに大型特殊自動車 終日,,,"[[34.8145520963138, 135.65966589386], [34.815677911512, 135.659524329495], [34.8160963650585, 135.659478311593], [34.8170860962936, 135.659361523061], [34.8175012344589, 135.659319539721], [34.8186105314501, 135.65919018863], [34.8196998691244, 135.659060883153], [34.8201017012101, 135.659002849238], [34.8215430056706, 135.658807648267], [34.8231304034096, 135.658579623816], [34.8245650459175, 135.658372367015], [34.8261059676882, 135.658156608323], [34.8262387987653, 135.658135924206], [34.8264545814848, 135.658078636405], [34.8278656226664, 135.657750581512], [34.828048240926, 135.65770354083]]"
通禁（３ｔ）,最大積載量3000キログラム以上の準中型貨物自動車及び中型貨物自動車（特定中型貨物自動車を除く。）、特定中型自動車、大型自動車並びに大型特殊自動車 終日,,,"[[34.8384833311536, 135.663662607609], [34.8388702697536, 135.664442659437], [34.8389961130353, 135.664691374533], [34.8395445811492, 135.665775040059], [34.8396967870787, 135.666085451076], [34.8399244435725, 135.666339403494], [34.8402140013083, 135.66669168866], [34.840334740839, 135.6667897511], [34.8404611239579, 135.666894603006], [34.8407785331139, 135.66716019438], [34.8410845576882, 135.667386667704], [34.8413175686379, 135.667552259156], [34.8413904614193, 135.667568958598], [34.8414159319526, 135.667626741473], [34.8414304401808, 135.667806822083], [34.8414519202429, 135.667978357215], [34.8414831711153, 135.668139651861], [34.8415143938648, 135.668287366615], [34.8415766770052, 135.668519915179], [34.8416614389998, 135.668777850769], [34.8416769298361, 135.668802456244]]"
通禁（３ｔ）,最大積載量3000キログラム以上の準中型貨物自動車及び中型貨物自動車（特定中型貨物自動車を除く。）、特定中型自動車、大型自動車並びに大型特殊自動車 終日,,,"[[34.8409588663201, 135.664486292772], [34.8406104159969, 135.66426081101], [34.8399107494851, 135.663866556318], [34.839597517195, 135.663679981815], [34.8394950840558, 135.663634310885], [34.839357613626, 135.663599409739], [34.8389016406824, 135.663604811395], [34.8381855417464, 135.663600661638], [34.8379137450204, 135.663605349487], [34.8376125485425, 135.663553400279], [34.8374662790788, 135.663514993211], [34.8373609235315, 135.663462228652], [34.8372466817683, 135.6633776181], [34.8371968362446, 135.663317554697], [34.8371205338556, 135.663199148161], [34.8370411300781, 135.663018663086], [34.8369851317488, 135.662855817401], [34.8369290727855, 135.662664610719], [34.8369023367804, 135.662508731401], [34.8368931731319, 135.662366961428], [34.8369010900414, 135.662058495738], [34.836897718165, 135.661898979058], [34.8369810656827, 135.661388133038], [34.837052971369, 135.660951822697], [34.837066943977, 135.660724873609], [34.8370664310675, 135.660540547808], [34.8370425134589, 135.660345657602], [34.8370098746498, 135.660172079786], [34.8369243202237, 135.659888815446], [34.83686825654, 135.659697599965], [34.8368327664398, 135.659552406724], [34.8368031380328, 135.659398355296], [34.8367222026551, 135.658671918126], [34.8366142009352, 135.657669141611]]"
通禁（３ｔ）,最大積載量3000キログラム以上の準中型貨物自動車及び中型貨物自動車（特定中型貨物自動車を除く。）、特定中型自動車、大型自動車並びに大型特殊自動車 終日,,,"[[34.8331154832474, 135.671233079077], [34.8330971443946, 135.671674232646], [34.8331715703649, 135.672123896954], [34.8332237472391, 135.672461148979], [34.8331882329039, 135.672866848991], [34.8331692460224, 135.673053462743], [34.8331669846865, 135.673114193545], [34.8332244615585, 135.673153916248], [34.8334393295078, 135.67318121121], [34.8338519830144, 135.673215926879], [34.8343903765688, 135.673271576525], [34.8350624274062, 135.673328930815], [34.8359615660899, 135.673418716602], [34.8365750127773, 135.673469634373], [34.8368148636363, 135.673482029027], [34.8371206412454, 135.673491977535], [34.8374775646532, 135.673470585991], [34.8376056559241, 135.67345454512], [34.8382901992948, 135.673396405478], [34.8388009232941, 135.673365605867], [34.8398186686511, 135.673321700093], [34.8406222875509, 135.673294173864], [34.8410122097134, 135.673281572628], [34.8410122579608, 135.673282742378]]"
通禁（３ｔ）,最大積載量3000キログラム以上の準中型貨物自動車及び中型貨物自動車（特定中型貨物自動車を除く。）、特定中型自動車、大型自動車並びに大型特殊自動車 終日,,,"[[34.8302706339062, 135.685116347604], [34.8303815949668, 135.685003494703], [34.8305072481476, 135.6848411262], [34.8307556270661, 135.684813189348], [34.8308594509187, 135.684812794725], [34.8313632015145, 135.684599527315], [34.8317076342215, 135.684436313187], [34.8318149707229, 135.684354958048], [34.8320593905965, 135.684219170817], [34.8322481525465, 135.684083540171], [34.8323814072109, 135.68398859408], [34.8325297019032, 135.683974526773], [34.8326928521079, 135.683973904979], [34.8327522941154, 135.684000715622], [34.8330342559408, 135.684053606321], [34.8333495699291, 135.684101876832], [34.8334605524005, 135.683998016491], [34.833560506948, 135.683934683023], [34.8339276344555, 135.683946764119], [34.8339944434643, 135.683946585996], [34.834068511844, 135.683905818315], [34.8343090366145, 135.683711515752], [34.8344200943699, 135.683643634465], [34.8352348612484, 135.683253772098], [34.8352979225382, 135.683258024774], [34.8353906452677, 135.683266657732], [34.8355241980221, 135.683293130972], [34.8356987393545, 135.68335326455], [34.8359140317092, 135.683442402054], [34.8360699568344, 135.683509265711], [34.8362183154179, 135.683526673908], [34.836422275427, 135.683525895384], [34.8366743735709, 135.683506958531], [34.8371042957038, 135.683419861153], [34.8372711123595, 135.683383285694], [34.8376490347958, 135.68326490785], [34.8378676284785, 135.683192118689], [34.838160236846, 135.683065077752], [34.8385973301365, 135.682856595806], [34.8389453609732, 135.682657374503], [34.8391156236696, 135.682539796993], [34.8391749893688, 135.682544074414], [34.8393686662555, 135.68286266583], [34.8394768575905, 135.683114090856], [34.8395741458582, 135.683446545127], [34.8396412580271, 135.683585706403], [34.839723025422, 135.683661854829], [34.8398678638116, 135.683742256636], [34.8400645891864, 135.683817956072]]"
通禁（３ｔ）,最大積載量3000キログラム以上の準中型貨物自動車及び中型貨物自動車（特定中型貨物自動車を除く。）、特定中型貨物自動車、大型貨物自動車並びに大型特殊自動車 終日,,,"[[34.8207416512668, 135.663842411199], [34.821034382051, 135.664817522374], [34.8213529042273, 135.665877878559], [34.8214741548272, 135.665858238362], [34.8215822782779, 135.665857802965], [34.8216561266717, 135.665867081593], [34.8216555431661, 135.665867980326]]"
通禁（３ｔ）,最大積載量3000キログラム以上の準中型貨物自動車及び中型貨物自動車（特定中型貨物自動車を除く。）、特定中型貨物自動車、大型貨物自動車並びに大型特殊自動車 終日,,,"[[34.8168181946386, 135.661756190027], [34.8168469979429, 135.662201342347], [34.8168827624301, 135.662377687025], [34.816895085482, 135.662445845691], [34.8170324369156, 135.663631750236], [34.817042829521, 135.663804197927], [34.8170503871899, 135.664145135295], [34.8170360490828, 135.664339741648], [34.8169397010122, 135.665376161737], [34.8171291420706, 135.665432468603], [34.8173609294064, 135.665463693464], [34.817506154816, 135.665475001216], [34.8175914116668, 135.665518665847], [34.8176613161941, 135.665562370543], [34.817775671122, 135.665529772748], [34.8179040581403, 135.665502234049], [34.8180700824689, 135.665481266209], [34.8182152481508, 135.665480681318], [34.8182149613576, 135.665481294613]]"
通禁（３ｔ）,最大積載量3000キログラム以上の準中型貨物自動車及び中型貨物自動車（特定中型貨物自動車を除く。）、特定中型貨物自動車、大型貨物自動車並びに大型特殊自動車 終日,,,"[[34.8177380683887, 135.661677609631], [34.8171526129228, 135.661691275519], [34.8168576131254, 135.661709365517], [34.8163001236484, 135.661739870768], [34.8159401029069, 135.661772336833], [34.8150319717151, 135.661869055148], [34.8150308579429, 135.66187052439]]"
通禁（３ｔ）,最大積載量3000キログラム以上の準中型貨物自動車及び中型貨物自動車（特定中型貨物自動車を除く。）、特定中型貨物自動車、大型貨物自動車並びに大型特殊自動車 終日,,,"[[34.8170938782861, 135.664188748643], [34.8175797956379, 135.664180257642], [34.8180514215931, 135.664167517491], [34.818316893266, 135.664183889739], [34.8187007297019, 135.664193279351], [34.8193123221793, 135.664236454469], [34.8197392222576, 135.664258722169], [34.8200763884507, 135.664268245968], [34.8208457874138, 135.664295609902]]"
通禁（３ｔ）,最大積載量3000キログラム以上の準中型貨物自動車及び中型貨物自動車（特定中型貨物自動車を除く。）、特定中型自動車、大型自動車並びに大型特殊自動車 終日,,,"[[34.8285015092208, 135.671521338536], [34.8287227405367, 135.671675987564], [34.8288309153408, 135.67174573491], [34.8291289729994, 135.671945155945], [34.8296069240377, 135.672152974251], [34.8297879742586, 135.672225966115], [34.8299411299239, 135.672163974546], [34.8301350585779, 135.672208808092], [34.8304231073468, 135.672272620761], [34.8305128938035, 135.672312607551], [34.8305968554552, 135.672342089274], [34.8306982993322, 135.672392613015], [34.8309009139792, 135.672439173336], [34.8310166732473, 135.672456252329], [34.8312525064612, 135.672462405576], [34.8312945504681, 135.672495562611], [34.8315147117856, 135.672610471607], [34.8316320363828, 135.672673167355], [34.831714709924, 135.672726433772], [34.8318291072142, 135.67277333251], [34.8320606692607, 135.672830308524], [34.8322342845833, 135.6728471601], [34.8324354531553, 135.672862219413], [34.8326076648873, 135.672900144412], [34.832827679171, 135.672957155885], [34.8329536843179, 135.672996192713], [34.8329536796041, 135.672994443456]]"
通禁（３ｔ）,最大積載量3000キログラム以上の準中型貨物自動車及び中型貨物自動車（特定中型貨物自動車を除く。）、特定中型自動車、大型自動車並びに大型特殊自動車 終日,,,"[[34.7841867363441, 135.64747543734], [34.7843012968685, 135.647600183433], [34.7844076132487, 135.647695298791], [34.7844377345653, 135.647774258775], [34.7844598487885, 135.647899395965], [34.7844574874167, 135.648021347597], [34.7844198647632, 135.648173113904], [34.7843527686138, 135.648479889761], [34.7843287969665, 135.648654642477], [34.7843076230148, 135.648852471333], [34.7843074581042, 135.649243078031], [34.7843303002792, 135.649621983955], [34.7843546767191, 135.650055298413], [34.7844036309068, 135.650528020931], [34.7844342004022, 135.650738864958], [34.784529338843, 135.651209734271], [34.7846716603264, 135.65174722431], [34.784768244316, 135.652008832558], [34.7848174483835, 135.652097603471], [34.7849158241605, 135.652248058369], [34.7850814778791, 135.652408045341], [34.7852040728856, 135.652494052385], [34.7853470470805, 135.652572544536], [34.7855878904393, 135.652633375741], [34.7857490335543, 135.652650001508], [34.785922441867, 135.652671537031], [34.7860101445839, 135.65267366297], [34.7860038369878, 135.653323772647], [34.7860371220884, 135.653555983358], [34.7861337817581, 135.653842292333], [34.7862445746315, 135.654058195909], [34.7864189485365, 135.654423283938], [34.7865195032751, 135.654618229838], [34.7866301440272, 135.65480315829], [34.7867140571231, 135.654909108578], [34.7868284382958, 135.654972907904], [34.7871837636874, 135.655149395761], [34.7873880996843, 135.655294383413], [34.7875885152068, 135.655471633725], [34.7877481121947, 135.655658822182], [34.7879549481562, 135.655964484917], [34.7884812939146, 135.656744722082], [34.7885857643582, 135.65689390727], [34.7886615106841, 135.656997404092], [34.7887968694217, 135.657266290835], [34.7889118528455, 135.657547598944], [34.7889856726674, 135.657690683118], [34.7891455309777, 135.65797181923], [34.7892460283028, 135.658154417068], [34.7892994837228, 135.658307453102], [34.7893469309271, 135.658497579317], [34.7893802210954, 135.658734740153]]"
通禁（３ｔ）,最大積載量3000キログラム以上の準中型貨物自動車及び中型貨物自動車（特定中型貨物自動車を除く。）、特定中型自動車、大型自動車並びに大型特殊自動車 終日,,,"[[34.8566633221902, 135.683476831039], [34.8566797808659, 135.683798311519]]"
通禁（３ｔ）,最大積載量3000キログラム以上の準中型貨物自動車及び中型貨物自動車（特定中型貨物自動車を除く。）、特定中型自動車、大型自動車並びに大型特殊自動車 終日,,,"[[34.8559937786813, 135.685657888039], [34.8560832539365, 135.685769260609], [34.8562580603303, 135.686087777887], [34.8563813803212, 135.686287692706], [34.8564297809884, 135.68634781119], [34.8565419032441, 135.686445844994], [34.8566957283565, 135.686570285343], [34.856834110609, 135.686657547002], [34.8569725196401, 135.68672097905], [34.857080137706, 135.68678971117], [34.8572010456617, 135.686906304549], [34.8573176218507, 135.687041506033], [34.8574210095686, 135.687163481062], [34.8575046276002, 135.687272221517], [34.8575552854161, 135.687357157929], [34.8575785686023, 135.687393137781], [34.85767068032, 135.687400774358]]"
通禁（３ｔ）,最大積載量3000キログラム以上の準中型貨物自動車及び中型貨物自動車（特定中型貨物自動車を除く。）、特定中型自動車、大型自動車並びに大型特殊自動車 終日,,,"[[34.8560515090857, 135.683465424213], [34.8560369348051, 135.684063086175], [34.8560190985029, 135.684283286383], [34.8560052201162, 135.684633084527], [34.8559701274138, 135.685580931796], [34.8559465283577, 135.685679921958], [34.8556027601846, 135.68634597001], [34.8552513937369, 135.686889531131]]"
通禁（３ｔ）,最大積載量3000キログラム以上の準中型貨物自動車及び中型貨物自動車（特定中型貨物自動車を除く。）、特定中型自動車、大型自動車並びに大型特殊自動車 終日,,,"[[34.8548962657877, 135.686604646699], [34.8552476377023, 135.686065515138], [34.8555803577851, 135.686365531503], [34.8555803913178, 135.68636457995]]"
通禁（３ｔ）,最大積載量3.000キログラム以上の準中型貨物自動車及び中型貨物自動車（特定中型貨物自動車を除く。）、特定中型自動車、大型自動車並びに大型特殊自動車 終日,,,"[[34.8539296721223, 135.688110873902], [34.854402561823, 135.688702832944], [34.8557037439919, 135.688155115464], [34.855881556919, 135.688321761773], [34.8576335659172, 135.688742408451]]"
通禁（３ｔ）,最大積載量3000キログラム以上の準中型貨物自動車及び中型貨物自動車（特定中型貨物自動車を除く。）、特定中型自動車、大型自動車並びに大型特殊自動車 終日,,,"[[34.8576812141472, 135.688731746388], [34.8577296703334, 135.686756114638], [34.8577705949578, 135.684464922594], [34.8577948112974, 135.683468986817]]"
通禁（３ｔ）,最大積載量3000キログラム以上の準中型貨物自動車及び中型貨物自動車（特定中型貨物自動車を除く。）、特定中型貨物自動車、大型貨物自動車並びに大型特殊自動車 終日,,,"[[34.8578019786668, 135.683284268138], [34.8578270831477, 135.681918661103], [34.8578652755716, 135.679340587767], [34.8578702362701, 135.678658266533], [34.8579209780388, 135.677248036004], [34.8579227124094, 135.677245995118]]"
通禁（３ｔ）,最大積載量3000キログラム以上の準中型貨物自動車及び中型貨物自動車（特定中型貨物自動車を除く。）、特定中型貨物自動車、大型貨物自動車並びに大型特殊自動車 終日,,,"[[34.7853345374307, 135.632808846535], [34.7856231885441, 135.632364393613], [34.7857534536781, 135.63217187328], [34.7859483085175, 135.631981897254], [34.7860739800078, 135.631820953458]]"
通禁（３ｔ）,最大積載量3000キログラム以上の準中型貨物自動車及び中型貨物自動車（特定中型貨物自動車を除く。）、特定中型自動車、大型自動車並びに大型特殊自動車 終日,,,"[[34.7904786105301, 135.631281196938], [34.7905769383966, 135.631783754384]]"
通禁（３ｔ）,最大積載量3000キログラム以上の準中型貨物自動車及び中型貨物自動車（特定中型貨物自動車を除く。）、特定中型自動車、大型自動車並びに大型特殊自動車 終日,,,"[[34.7893940957426, 135.632091018702], [34.7895606223385, 135.631575540981]]"
通禁（３ｔ）,最大積載量3000キログラム以上の準中型貨物自動車及び中型貨物自動車（特定中型貨物自動車を除く。）、特定中型自動車、大型自動車並びに大型特殊自動車 終日,,,"[[34.7908072695645, 135.631547246033], [34.7908129121115, 135.631123836865]]"
通禁（３ｔ）,最大積載量3000キログラム以上の準中型貨物自動車及び中型貨物自動車（特定中型貨物自動車を除く。）、特定中型自動車、大型自動車並びに大型特殊自動車 終日,,,"[[34.789118191162, 135.642857758651], [34.7894325907798, 135.642405884146], [34.7894885195546, 135.642381462029], [34.7895763602592, 135.642356870387], [34.7897403809764, 135.642414313132], [34.789948394494, 135.642481227663], [34.7901243532897, 135.642524086107], [34.7906120543102, 135.642570440018], [34.7907480085086, 135.642598925521], [34.7909520950229, 135.642694936722], [34.7911962603865, 135.642824696566], [34.7912643339129, 135.642853494946], [34.7921191024803, 135.642699667522]]"
通禁（３ｔ）,最大積載量3000キログラム以上の準中型貨物自動車及び中型貨物自動車（特定中型貨物自動車を除く。）、特定中型自動車、大型自動車並びに大型特殊自動車 終日,,,"[[34.7854579850837, 135.639354403534], [34.7857125305747, 135.639324641022], [34.7859153390755, 135.639306848691], [34.7862053068453, 135.639290361965], [34.7864546412555, 135.63927575554], [34.7864562164837, 135.639274951047]]"
通禁（３ｔ）,最大積載量3000キログラム以上の準中型貨物自動車及び中型貨物自動車（特定中型貨物自動車を除く。）、特定中型自動車、大型自動車並びに大型特殊自動車 終日,,,"[[34.8144214341611, 135.652560526172], [34.8145086333943, 135.652506022323], [34.8146056671566, 135.65248912221], [34.8146678445883, 135.652505356432], [34.8147981170595, 135.652570723243], [34.8151837535197, 135.652310151984], [34.815646915561, 135.651995157439], [34.8161973025467, 135.651625642508], [34.8161965006952, 135.651625809833]]"
通禁（３ｔ）,最大積載量3000キログラム以上の準中型貨物自動車及び中型貨物自動車（特定中型貨物自動車を除く。）、特定中型自動車、大型自動車並びに大型特殊自動車 終日,,,"[[34.8092425446023, 135.651452759343], [34.8094683443203, 135.651195287072], [34.8098241849308, 135.650831060663], [34.8100672037032, 135.650614969953], [34.8101717350861, 135.650534249516], [34.8103575225599, 135.650489431135], [34.8104814325188, 135.650473345618], [34.8106075668689, 135.650490969984], [34.8106610113751, 135.650498505579], [34.8109861817644, 135.650595640382], [34.811101746636, 135.650649586619], [34.8112731124255, 135.65079395327], [34.8117037941718, 135.651167902719], [34.811873151625, 135.651351169665]]"
通禁（３ｔ）,最大積載量3000キログラム以上の準中型貨物自動車及び中型貨物自動車（特定中型貨物自動車を除く。）、特定中型貨物自動車、大型貨物自動車並びに大型特殊自動車 終日,,,"[[34.814613674885, 135.642359140735], [34.8148873567444, 135.642318350543], [34.8153234326548, 135.642249610958]]"
通禁（３ｔ）,最大積載量3000キログラム以上の準中型貨物自動車及び中型貨物自動車（特定中型貨物自動車を除く。）、特定中型自動車、大型自動車並びに大型特殊自動車 終日,,,"[[34.8137736769824, 135.650349613524], [34.8138132825758, 135.650278486084], [34.8138287966098, 135.6502155267], [34.8138426779781, 135.650014336129], [34.8138526002022, 135.649897283318], [34.8138631435194, 135.649773680491], [34.8139798280966, 135.649427653159], [34.8140405796229, 135.649293071624], [34.8140986954747, 135.649210541293], [34.8143301902831, 135.64895420422], [34.8143776515468, 135.648940854243]]"
通禁（３ｔ）,最大積載量3000キログラム以上の準中型貨物自動車及び中型貨物自動車（特定中型貨物自動車を除く。）、特定中型自動車、大型自動車並びに大型特殊自動車 終日,,,"[[34.8121164952851, 135.651364773368], [34.8121185561527, 135.651335220182], [34.8124111322093, 135.651101001942], [34.8125167161297, 135.651019543022], [34.8126743448959, 135.650850662943], [34.8127644680389, 135.650753517781], [34.8129382452569, 135.650598253641], [34.8130589728689, 135.650503864806], [34.813134727064, 135.650476154582], [34.8132814857601, 135.650446254653], [34.8135975274471, 135.650388185093], [34.8137298081446, 135.650373987285]]"
通禁（３ｔ）,最大積載量3000キログラム以上の準中型貨物自動車及び中型貨物自動車（特定中型貨物自動車を除く。）、特定中型自動車、大型自動車並びに大型特殊自動車 終日,,,"[[34.8167877197721, 135.647529299959], [34.8170474034687, 135.647796672621], [34.8172248574718, 135.647984850778], [34.8182487963026, 135.649043635956], [34.818404735128, 135.649186808559], [34.8188088974325, 135.649475990682]]"
通禁（３ｔ）,最大積載量3000キログラム以上の準中型貨物自動車及び中型貨物自動車（特定中型貨物自動車を除く。）、特定中型自動車、大型自動車並びに大型特殊自動車 終日,,,"[[34.8150584659689, 135.642338754248], [34.815111812327, 135.642893804051], [34.815125568579, 135.64306594716], [34.8151210801353, 135.643189428655], [34.8151581948732, 135.643442085536], [34.8152657613642, 135.6437473453], [34.8154026487924, 135.644109910344], [34.8154834534934, 135.644382964116], [34.815500977721, 135.644568088768], [34.8154824690897, 135.644873889895], [34.8154238564439, 135.645559093085], [34.8153910606115, 135.645953143763], [34.8153937039283, 135.646025187894], [34.8154181416771, 135.646089760971]]"
通禁（３ｔ）,最大積載量3000キログラム以上の準中型貨物自動車及び中型貨物自動車（特定中型貨物自動車を除く。）、特定中型自動車、大型自動車並びに大型特殊自動車 終日,,,"[[34.815231737063, 135.651721661481], [34.8153095386285, 135.651900115479], [34.8154153942284, 135.652139479887], [34.8155648864442, 135.652477473079], [34.8156919353849, 135.652764749221], [34.8159009796215, 135.653219313609]]"
通禁（３ｔ）,最大積載量3000キログラム以上の準中型貨物自動車及び中型貨物自動車（特定中型貨物自動車を除く。）、特定中型自動車、大型自動車並びに大型特殊自動車 終日,,,"[[34.8156445390058, 135.650424169427], [34.8159471524285, 135.651058313033], [34.8161197813622, 135.651439389801], [34.8164367394142, 135.652139076524]]"
通禁（３ｔ）,最大積載量3000キログラム以上の準中型貨物自動車及び中型貨物自動車（特定中型貨物自動車を除く。）、特定中型自動車、大型自動車並びに大型特殊自動車 終日,,,"[[34.8146228416899, 135.647964885289], [34.8144694998226, 135.647673010692], [34.8143793047074, 135.647178238327], [34.8143186462206, 135.646780917321], [34.8142649965071, 135.646469372174], [34.8141886708921, 135.646079333108], [34.8141520944696, 135.646022496858]]"
通禁（３ｔ）,最大積載量3000キログラム以上の準中型貨物自動車及び中型貨物自動車（特定中型貨物自動車を除く。）、特定中型自動車、大型自動車並びに大型特殊自動車 終日,,,"[[34.8159412152858, 135.65019008482], [34.8161174971631, 135.650536351684], [34.8161962501651, 135.650686461126], [34.8163023618262, 135.650889437558]]"
通禁（３ｔ）,最大積載量3000キログラム以上の準中型貨物自動車及び中型貨物自動車（特定中型貨物自動車を除く。）、特定中型自動車、大型自動車並びに大型特殊自動車 終日,,,"[[34.781196287928, 135.659437860018], [34.7814667959395, 135.659297958087], [34.7816698254312, 135.659247872364], [34.7822439483211, 135.659115020439], [34.7825024035652, 135.659062489028], [34.7825301366478, 135.659066855425], [34.7826248300645, 135.659247803306], [34.782823597631, 135.659637677429]]"
通禁（３ｔ）,最大積載量3000キログラム以上の準中型貨物自動車及び中型貨物自動車（特定中型貨物自動車を除く。）、特定中型自動車、大型自動車並びに大型特殊自動車 終日,,,"[[34.7810410215471, 135.659323965583], [34.7811706137649, 135.659467061531], [34.781308437788, 135.659617095258], [34.7814580949229, 135.659778629359], [34.781536003704, 135.659827665027], [34.7816695604265, 135.659895638301], [34.7818031634673, 135.660002804025], [34.7818848684975, 135.660087728275], [34.7819796190371, 135.660208525054], [34.7819797436895, 135.660207967306]]"
通禁（３ｔ）,最大積載量3000キログラム以上の準中型貨物自動車及び中型貨物自動車（特定中型貨物自動車を除く。）、特定中型自動車、大型自動車並びに大型特殊自動車 終日,,,"[[34.7852483436124, 135.668102403635], [34.7856491685484, 135.667799086566], [34.785701408412, 135.667778598197]]"
通禁（３ｔ）,最大積載量3000キログラム以上の準中型貨物自動車及び中型貨物自動車（特定中型貨物自動車を除く。）、特定中型自動車、大型自動車並びに大型特殊自動車 終日,,,"[[34.7827646089086, 135.665509638301], [34.7824989593018, 135.665822618759], [34.7822384594692, 135.666100590608], [34.7820540135704, 135.666291370473]]"
通禁（３ｔ）,最大積載量3000キログラム以上の準中型貨物自動車及び中型貨物自動車（特定中型貨物自動車を除く。）、特定中型自動車、大型自動車並びに大型特殊自動車 終日,,,"[[34.7828487658128, 135.666996609947], [34.7830943708932, 135.666740190655], [34.7834244368247, 135.666381914105]]"
通禁（３ｔ）,最大積載量3000キログラム以上の準中型貨物自動車及び中型貨物自動車（特定中型貨物自動車を除く。）、特定中型自動車、大型自動車並びに大型特殊自動車 終日,,,"[[34.7830438345932, 135.66586280596], [34.7826677836848, 135.666237088485]]"
通禁（３ｔ）,最大積載量3000キログラム以上の準中型貨物自動車及び中型貨物自動車（特定中型貨物自動車を除く。）、特定中型自動車、大型自動車並びに大型特殊自動車 終日,,,"[[34.7831622525692, 135.667438565258], [34.7835669664881, 135.667094164457], [34.7838121359971, 135.666886072921]]"
通禁（３ｔ）,最大積載量3000キログラム以上の準中型貨物自動車及び中型貨物自動車（特定中型貨物自動車を除く。）、特定中型自動車、大型自動車並びに大型特殊自動車 終日,,,"[[34.7802084174376, 135.658139108143], [34.7804847726806, 135.658446114529], [34.7807260689386, 135.65871145188], [34.7808339940216, 135.658814087872], [34.7808593616258, 135.658849428677], [34.780903560732, 135.658974866527], [34.7809453746884, 135.659195328713], [34.7809526258194, 135.659393457095], [34.7810129796744, 135.660071234471], [34.781069029213, 135.660596138346], [34.7811074221906, 135.661026002562], [34.7811442197641, 135.661355986728], [34.7811246641189, 135.661491353828], [34.7811101719776, 135.661534909701]]"
通禁（３ｔ）,最大積載量3000キログラム以上の準中型貨物自動車及び中型貨物自動車（特定中型貨物自動車を除く。）、特定中型自動車、大型自動車並びに大型特殊自動車 終日,,,"[[34.8202979583176, 135.676494632872], [34.8204291088667, 135.676213852894], [34.8205840884531, 135.675920823291], [34.8207342306873, 135.675703948564], [34.8207629211549, 135.675624627627], [34.8207205211506, 135.675271425725], [34.820691108367, 135.675049229523], [34.8206529513513, 135.674871164885], [34.8206053919969, 135.67470000217], [34.8205861212363, 135.674542436604], [34.8205355867431, 135.673960037507], [34.8205561864745, 135.673916548151], [34.8206350823273, 135.673824851876], [34.8206611813317, 135.673724224416], [34.8206850985593, 135.673495686572], [34.820755290645, 135.672972223574], [34.8208087692852, 135.672540190217], [34.8208309046782, 135.672350519768], [34.8208304476579, 135.672264382223], [34.8212215961504, 135.672285979084], [34.8217368419048, 135.672327363961], [34.8223808603115, 135.672353800186], [34.8226240945901, 135.672355725591], [34.8228720158076, 135.67231715257], [34.8231605111989, 135.67228135967], [34.823467904207, 135.672196277193], [34.8235608015583, 135.672152532945]]"
通禁（３ｔ）,最大積載量3000キログラム以上の準中型貨物自動車及び中型貨物自動車（特定中型貨物自動車を除く。）、特定中型自動車、大型自動車並びに大型特殊自動車 終日,,,"[[34.7987489734952, 135.631046262724], [34.7985909796579, 135.631456489925], [34.7984883728539, 135.631681274877], [34.7982851869612, 135.632089087083], [34.7982018430503, 135.632274661395], [34.7981082854834, 135.632637695171], [34.7980148636748, 135.633055457998], [34.7979470399846, 135.633400060983], [34.7979452663431, 135.633512294338], [34.7979541094726, 135.633590493203], [34.7980631484113, 135.634080424111], [34.7982004862226, 135.634677146769], [34.7983966182028, 135.635492799144], [34.7984272473562, 135.635667436112]]"
通禁（３ｔ）,最大積載量3000キログラム以上の準中型貨物自動車及び中型貨物自動車（特定中型貨物自動車を除く。）、特定中型自動車、大型自動車並びに大型特殊自動車 終日,,,"[[34.7951624191782, 135.629772208465], [34.7951419061917, 135.630084421208], [34.7950792660663, 135.630656923377], [34.7950670978939, 135.6308910602], [34.7951282832368, 135.631260132052], [34.7951888735076, 135.631431536634], [34.7953654302282, 135.631638832049], [34.7956495209307, 135.631928895168], [34.7957872951782, 135.632079142613], [34.7959978916909, 135.632187465527], [34.7961829202635, 135.632358313453], [34.7963374525978, 135.63237323881], [34.7968435824211, 135.632280042006], [34.796908331242, 135.6324046145], [34.7969819648835, 135.632633176135], [34.7970473122246, 135.632960622616], [34.7971083054409, 135.633267280851], [34.7971219255821, 135.633516925923], [34.7972003302466, 135.633906739764], [34.7972942153467, 135.634421442913], [34.7973290633952, 135.634595567139], [34.7973958302209, 135.634681107288], [34.7974605133955, 135.634787464598], [34.797497273864, 135.634883551227], [34.797512625575, 135.634995326619], [34.7975064368699, 135.635078585376], [34.7974853921138, 135.635216540799], [34.7974663379058, 135.635302456752], [34.7973138609158, 135.635963839003], [34.7973119857193, 135.636054881647], [34.7973870686495, 135.636038991812], [34.7975177752223, 135.635981199653], [34.7976098946495, 135.635931378739], [34.7978136027652, 135.635891474576], [34.7980430505844, 135.635846255843], [34.7981781884354, 135.635832660789], [34.7982724673938, 135.635790622035], [34.7983474470827, 135.635746099245]]"
通禁（３ｔ）,最大積載量3000キログラム以上の準中型貨物自動車及び中型貨物自動車（特定中型貨物自動車を除く。）、特定中型自動車、大型自動車並びに大型特殊自動車 終日,,,"[[34.7905634155694, 135.642615517164], [34.7906079042157, 135.643318630168]]"
通禁（３ｔ）,最大積載量3000キログラム以上の準中型貨物自動車及び中型貨物自動車（特定中型貨物自動車を除く。）、特定中型自動車、大型自動車並びに大型特殊自動車 終日,,,"[[34.7987927526485, 135.628103065039], [34.7988786021169, 135.627406711896], [34.7989535654201, 135.626937711934], [34.7989765782683, 135.62689270329], [34.7990274765142, 135.626884061148], [34.799367779025, 135.626890958233], [34.8002893048629, 135.62693743701], [34.8002888364331, 135.626937548388]]"
通禁（３ｔ）,最大積載量3000キログラム以上の準中型貨物自動車及び中型貨物自動車（特定中型貨物自動車を除く。）、特定中型自動車、大型自動車並びに大型特殊自動車 終日,,,"[[34.7887032522407, 135.648002946428], [34.7884216874265, 135.648213148389], [34.7881765847784, 135.648378874966], [34.7880670500199, 135.64844900763], [34.7878269652858, 135.648545007779], [34.7875660667493, 135.648672794411], [34.787477436807, 135.648742838268], [34.7872919207606, 135.648908496756], [34.7871159814059, 135.649056510872], [34.787053468801, 135.649120893301], [34.7867836085209, 135.649314429534], [34.7867484386978, 135.649347838949], [34.7867446067735, 135.649353886728]]"
通禁（３ｔ）,最大積載量3000キログラム以上の準中型貨物自動車及び中型貨物自動車（特定中型貨物自動車を除く。）、特定中型自動車、大型自動車並びに大型特殊自動車 終日,,,"[[34.786120285258, 135.658594365222], [34.7860418731369, 135.658095732299], [34.786041692522, 135.658031351862], [34.7859443187177, 135.657404013784], [34.7859443639453, 135.657404068233]]"
通禁（３ｔ）,最大積載量3000キログラム以上の準中型貨物自動車及び中型貨物自動車（特定中型貨物自動車を除く。）、特定中型自動車、大型自動車並びに大型特殊自動車 終日,,,"[[34.784588407454, 135.658784143158], [34.7845734723573, 135.658669124388], [34.7845701166026, 135.65865223454], [34.7846650064473, 135.658397526897], [34.7847365781265, 135.658218199375], [34.7849081591348, 135.657755502523], [34.7849075644338, 135.657755603306]]"
通禁（３ｔ）,最大積載量3000キログラム以上の準中型貨物自動車及び中型貨物自動車（特定中型貨物自動車を除く。）、特定中型自動車、大型自動車並びに大型特殊自動車 終日,,,"[[34.7805031102712, 135.657349631284], [34.7810475119983, 135.657401106997], [34.7813751391388, 135.65743259399], [34.7816633672591, 135.657443439403], [34.7822468494168, 135.657382836753], [34.7828377612899, 135.65733563132], [34.7829780663662, 135.657299281239], [34.7831845048294, 135.657150673293], [34.7832988526622, 135.657087517493], [34.7835831149899, 135.657028142288], [34.783893253308, 135.656973140097], [34.7840188639624, 135.656959248998], [34.7841037815923, 135.656945448845], [34.784174084202, 135.656985467881], [34.7842222697471, 135.657043475832], [34.7842446259857, 135.65711053903], [34.78425961879, 135.657191061402], [34.7842672374663, 135.657271625049], [34.784374527503, 135.657333870176], [34.7844911964349, 135.657423000248], [34.7848595464476, 135.657705799768], [34.7849446150544, 135.657745737299], [34.7850758866009, 135.657776590828], [34.7851275919548, 135.657771898556], [34.7853821217606, 135.657647719396], [34.7854854192877, 135.657598047975], [34.7859059312313, 135.657368014587], [34.7860018490509, 135.657322852873], [34.786064633465, 135.657292436543], [34.7862067726246, 135.657267211933], [34.7863139009328, 135.6572623023], [34.7864524978489, 135.657288590763], [34.7865375162958, 135.657310641409], [34.7868203562172, 135.657383389099], [34.7869405574228, 135.657436623271], [34.787029365551, 135.657485528313], [34.7871015341977, 135.657525541638], [34.7871459984485, 135.657574618028], [34.7872461569991, 135.657726431215], [34.7873259673498, 135.657864909829], [34.7875822632219, 135.658344157737], [34.7876955455476, 135.658563087611]]"
通禁（３ｔ）,最大積載量3000キログラム以上の準中型貨物自動車及び中型貨物自動車（特定中型貨物自動車を除く。）、特定中型自動車、大型自動車並びに大型特殊自動車 終日,,,"[[34.7808049842998, 135.656528761166], [34.7810424389088, 135.656660842555], [34.7810638407082, 135.656686627746], [34.7810715763586, 135.656725394967], [34.7810772466059, 135.657113406134], [34.7810802342325, 135.657349051018]]"
通禁（３ｔ）,最大積載量3000キログラム以上の準中型貨物自動車及び中型貨物自動車（特定中型貨物自動車を除く。）、特定中型自動車、大型自動車並びに大型特殊自動車 終日,,,"[[34.7811183879671, 135.655722631748], [34.7814930856918, 135.655870534256], [34.7816756811049, 135.65593718498], [34.7819356225317, 135.656028778554], [34.7819642806789, 135.656025502593]]"
通禁（３ｔ）,最大積載量3000キログラム以上の準中型貨物自動車及び中型貨物自動車（特定中型貨物自動車を除く。）、特定中型自動車、大型自動車並びに大型特殊自動車 終日,,,"[[34.7815833651248, 135.653187589832], [34.7818904591826, 135.653280344595], [34.781961127698, 135.653299685382], [34.782104920252, 135.653377669927], [34.782218655526, 135.653461428607], [34.7823014638761, 135.653435210719], [34.7825058147729, 135.653410377801], [34.7826398446531, 135.65339650131], [34.7827960219387, 135.65343581012], [34.7828994689209, 135.653480670353], [34.7831088908135, 135.653679667503], [34.7833359472104, 135.653907842742], [34.7834152649674, 135.65397944289], [34.7835275918696, 135.65405622743], [34.7838955497608, 135.654347806676], [34.7841114924616, 135.654538739263], [34.7842790440013, 135.654688636055], [34.7843672593791, 135.654792183218], [34.7845262542441, 135.65504995182], [34.7847051234713, 135.655344932059], [34.7849328365884, 135.655781027246], [34.7850898719642, 135.656121391931], [34.7853111349872, 135.656640014988], [34.7853621149178, 135.656765102508], [34.7854281707115, 135.656804811661], [34.7855949687991, 135.656713530595], [34.7857441939468, 135.65662765386], [34.7860113447628, 135.656264229037], [34.7860792997968, 135.656181396187], [34.7864455157491, 135.655876149666], [34.7867619128802, 135.655809642684], [34.7867882600184, 135.655798869236], [34.7872238957466, 135.655948935362], [34.7873185241618, 135.655980539397], [34.7873560258423, 135.65602833259], [34.7874251912099, 135.656390399378], [34.7875842496814, 135.656674820485], [34.7876704573374, 135.656827728875], [34.7877058401508, 135.656907493076], [34.7877281874079, 135.657035291818], [34.7877440391887, 135.657203088641], [34.787777361705, 135.657322843779], [34.7878414935328, 135.657463780299], [34.7879409484997, 135.657615357046], [34.7880159208735, 135.657700302652], [34.7880997725095, 135.657817195694], [34.7881793595016, 135.657982054782], [34.7882368051705, 135.658085725463], [34.7883427034691, 135.658223847693], [34.7884949741913, 135.658439024526], [34.7886098109861, 135.658630381092], [34.788619815883, 135.658649080279]]"
通禁（３ｔ）,最大積載量3000キログラム以上の準中型貨物自動車及び中型貨物自動車（特定中型貨物自動車を除く。）、特定中型自動車、大型自動車並びに大型特殊自動車 終日,,,"[[34.7830501582804, 135.65735693898], [34.7830199363735, 135.657589906732], [34.7830136451097, 135.657789493994], [34.7830348815111, 135.658026402444], [34.7830631381597, 135.658317335612], [34.7831359528482, 135.658591445405], [34.7831533227016, 135.658674524988], [34.7831610435115, 135.658982172957], [34.7831682382151, 135.659098565492], [34.7831891185007, 135.659202424012], [34.7832305704862, 135.659306187568], [34.7832306609701, 135.659306307389]]"
通禁（３ｔ）,最大積載量3000キログラム以上の準中型貨物自動車及び中型貨物自動車（特定中型貨物自動車を除く。）、特定中型自動車、大型自動車並びに大型特殊自動車 終日,,,"[[34.841629123846, 135.669583242859], [34.8424711388224, 135.670210857836], [34.8425272535136, 135.670247034705], [34.8426095695806, 135.670331721002], [34.8428921292039, 135.670500461598], [34.8433328345366, 135.670700131788], [34.843605374802, 135.670837489475], [34.8437055661059, 135.670895317307], [34.8437998347744, 135.670979892377], [34.8441012533268, 135.671072207695]]"
通禁（３ｔ）,最大積載量3000キログラム以上の準中型貨物自動車及び中型貨物自動車（特定中型貨物自動車を除く。）、特定中型自動車、大型自動車並びに大型特殊自動車 終日,,,"[[34.8347995063561, 135.670858600576], [34.8377586161721, 135.670746040785], [34.8394542042681, 135.670638544763], [34.8408765681677, 135.67095554838], [34.8413177154171, 135.671165536278], [34.8428473377143, 135.67115955927], [34.8441208539121, 135.67176959246], [34.8460556473307, 135.674050880608], [34.8466888584922, 135.67454261063], [34.8484391094585, 135.67620964988], [34.8491724586776, 135.67687231858], [34.849605525398, 135.677163059114], [34.8500638652334, 135.677554614589], [34.8502975848458, 135.677906651931], [34.8505727615734, 135.678218190152], [34.8511301109962, 135.678357202932], [34.8515046891134, 135.678537266914], [34.851352985209, 135.680827004066], [34.8513311780979, 135.681986764056], [34.8382296702032, 135.670713841208], [34.8387427381932, 135.670660416116], [34.83897097605, 135.670642354926], [34.8395104836897, 135.670662310107], [34.8396661335438, 135.670693542417], [34.8397227526838, 135.670712922035], [34.8401615283598, 135.670828872772], [34.8402585241607, 135.670838284648], [34.8405253796724, 135.670903387027], [34.8408347267678, 135.670980621993], [34.8413120016915, 135.671152733287]]"
通禁（３ｔ）,最大積載量3000キログラム以上の準中型貨物自動車及び中型貨物自動車（特定中型貨物自動車を除く。）、特定中型自動車、大型自動車並びに大型特殊自動車 終日,,,"[[34.8099640796558, 135.631832268295], [34.8099316811747, 135.631961112279], [34.809905295885, 135.632012348445], [34.8096480041012, 135.632117581703], [34.8089246481699, 135.632437009442]]"
通禁（３ｔ）,最大積載量3000キログラム以上の準中型貨物自動車及び中型貨物自動車（特定中型貨物自動車を除く。）、特定中型自動車、大型自動車並びに大型特殊自動車 終日,,,"[[34.8063804599067, 135.678732585572], [34.8075051317372, 135.676552953486], [34.8080973392034, 135.675392964306], [34.8081008594116, 135.675112628896], [34.8077915938639, 135.673146176402], [34.8077609797417, 135.672897116449], [34.8077605311808, 135.67273618676], [34.8077729142491, 135.672564813357], [34.8081212652174, 135.671525126236], [34.8084485110273, 135.670615261512], [34.8086612233798, 135.67006419845], [34.8088013917285, 135.669648290628], [34.808958528901, 135.669170027263], [34.8090685321669, 135.668681571228], [34.8090981085587, 135.668536084378], [34.8091705970495, 135.668395651875], [34.8093872238246, 135.667756208201], [34.8096760875063, 135.666903616659], [34.8097185240677, 135.666773628142], [34.8097911251931, 135.666690301397], [34.8100120297791, 135.666056023873], [34.8101395068905, 135.665692055892], [34.8101901613493, 135.665421885965], [34.8102025167306, 135.665245319008], [34.8101931769131, 135.664944291888], [34.8101956604916, 135.664295297253], [34.8102034582305, 135.664014906793], [34.810236835654, 135.66369807488], [34.8102874622701, 135.663422711004], [34.8103761639044, 135.662975834823], [34.8104266506537, 135.662658947076], [34.8104391169484, 135.662473408742], [34.8104320845834, 135.662257984654], [34.8104168336371, 135.662154216881], [34.8103389739984, 135.661879355122], [34.8102870861213, 135.661697873041], [34.8102804461321, 135.661625185536]]"
通禁（３ｔ）,最大積載量3000キログラム以上の準中型貨物自動車及び中型貨物自動車（特定中型貨物自動車を除く。）、特定中型自動車、大型自動車並びに大型特殊自動車 終日,,,"[[34.8098262231242, 135.666701888811], [34.8101841378318, 135.666660373603], [34.810263905985, 135.66664207388], [34.8103673607608, 135.66660892358], [34.8104467186961, 135.666549506537], [34.8105106456174, 135.666474597798], [34.8107559156881, 135.666103477038], [34.8108964603956, 135.66590383146], [34.8109936393576, 135.665791472704], [34.8110193347051, 135.665772788186], [34.8114646839462, 135.665393086467], [34.8116720010681, 135.665219619786], [34.8117813818492, 135.665086278157], [34.8117966738465, 135.66505122881], [34.8119652194003, 135.66477060332], [34.8121726217284, 135.664625125691], [34.8123532634353, 135.664520645731], [34.8124916496723, 135.664467599287], [34.8128003647042, 135.664427855242], [34.8129214437216, 135.664381884678], [34.8130829113183, 135.664297308518], [34.813223980091, 135.664174262929], [34.8133795961171, 135.664086146411], [34.8135670505597, 135.664036386905], [34.8137027927543, 135.664067339394], [34.8138444691894, 135.664161238577], [34.8139629421488, 135.66420977188], [34.8141620791605, 135.664205457951], [34.8147421504364, 135.664168189007], [34.8152528491154, 135.664113623573]]"
通禁（３ｔ）,最大積載量3000キログラム以上の準中型貨物自動車及び中型貨物自動車（特定中型貨物自動車を除く。）、特定中型自動車、大型自動車並びに大型特殊自動車 終日,,,"[[34.8027903986239, 135.663810030464], [34.8030131620802, 135.664241671092], [34.803060745436, 135.664359983276], [34.8031038464059, 135.664634348289], [34.8031649922949, 135.665221748745], [34.8031617607826, 135.66537730467], [34.8031402050615, 135.665537371393], [34.8030821259656, 135.66574201139], [34.8030164151997, 135.665840057606], [34.8029474049365, 135.666075845032], [34.8029112146081, 135.666244876978], [34.8028822400237, 135.666369409521], [34.8028571811789, 135.666573992571], [34.8028393204691, 135.666747366101], [34.8028327378865, 135.66702292483], [34.8028481234375, 135.66728506232], [34.8028669251809, 135.66745830024], [34.8029704437754, 135.667777846522], [34.8030702349092, 135.66807963779], [34.8031441869702, 135.668314854247], [34.8031703011184, 135.668479189527], [34.8031781303471, 135.668665794649], [34.8031749790007, 135.668832530632], [34.8031350763689, 135.668983794937], [34.8030623485757, 135.669197397812], [34.8030150257396, 135.669322002358], [34.802967527403, 135.669375535686], [34.8028508457024, 135.669607071782], [34.8027743269894, 135.669776250848], [34.8027308959423, 135.66997640258], [34.8027167115175, 135.670154208663], [34.8027319094057, 135.670349669061], [34.8027581594524, 135.670571774568], [34.8028026067469, 135.670736026437], [34.8029130154744, 135.670899996135], [34.8031265153278, 135.671232457617], [34.8033251756404, 135.671498300098], [34.8035015510421, 135.671631026402], [34.803666891812, 135.671777032042], [34.8037880149584, 135.671829877474], [34.8040116819288, 135.671855651177], [34.804209668694, 135.671872651798]]"
通禁（３ｔ）,最大積載量3000キログラム以上の準中型貨物自動車及び中型貨物自動車（特定中型貨物自動車を除く。）、特定中型自動車、大型自動車並びに大型特殊自動車 終日,,,"[[34.8022876446479, 135.664204968202], [34.8027159013545, 135.665054350824], [34.802861729319, 135.665323285753], [34.8029015900568, 135.665351497402], [34.8031355179405, 135.66530520159]]"
通禁（３ｔ）,最大積載量3000キログラム以上の準中型貨物自動車及び中型貨物自動車（特定中型貨物自動車を除く。）、特定中型自動車、大型自動車並びに大型特殊自動車 終日,,,"[[34.8051876052875, 135.660096609309], [34.8053748200754, 135.660145233967], [34.8055544613815, 135.660135515802], [34.8057284777275, 135.660103371523], [34.8057932247563, 135.660071662861], [34.8059782380343, 135.659964923498], [34.8060988176927, 135.65986337642], [34.8061902160972, 135.659761937518], [34.8063522451025, 135.659579385564], [34.8064518689604, 135.659437494995], [34.8065308485007, 135.659366446489], [34.8066519180293, 135.659436675656], [34.806810711865, 135.659592657005], [34.8069195322813, 135.65975391479], [34.8070074445504, 135.659895027836], [34.807170990904, 135.66025815143], [34.8072549301749, 135.660464968769], [34.8073222389925, 135.660692074236], [34.8074064080112, 135.660984776685], [34.8074862284639, 135.661211832011], [34.8075656735391, 135.661307514593], [34.8076993792232, 135.661403052906], [34.8077621044212, 135.661483644484], [34.8078084232495, 135.661655259995], [34.8078561832408, 135.662342238681], [34.8079161768707, 135.662933183766], [34.8079677268558, 135.663493822953], [34.8080157276112, 135.66427177128], [34.8080289285736, 135.664524358882], [34.8080505038987, 135.664776945593], [34.8082736864531, 135.665614807339], [34.8082948810061, 135.665746097984], [34.8084128275272, 135.666200379583], [34.8085724895017, 135.66666965488], [34.808710989087, 135.667022799831], [34.8087740502805, 135.667204518149], [34.8088330716997, 135.667451864764], [34.8089257746759, 135.667825415343], [34.8090478552698, 135.668274637267], [34.8090774970872, 135.668423635326], [34.80907759053, 135.668441374145]]"
通禁（３ｔ）,最大積載量3000キログラム以上の準中型貨物自動車及び中型貨物自動車（特定中型貨物自動車を除く。）、特定中型自動車、大型自動車並びに大型特殊自動車 終日,,,"[[34.8060497076313, 135.636563068257], [34.8060647032767, 135.636464385353], [34.8060772922165, 135.63636279473], [34.8060909215758, 135.63607180106], [34.8060955171851, 135.635720307933], [34.8061143413297, 135.635128651693], [34.8061372577999, 135.634712615495], [34.8061553162446, 135.634273245017], [34.806171324465, 135.633971497398], [34.8061999618471, 135.633438359294], [34.8062090281177, 135.633236221083], [34.8062339456615, 135.632675283212], [34.8062430368217, 135.632484839365], [34.80624277974, 135.632390409147]]"
通禁（３ｔ）,最大積載量3000キログラム以上の準中型貨物自動車及び中型貨物自動車（特定中型貨物自動車を除く。）、特定中型自動車、大型自動車並びに大型特殊自動車 終日,,,"[[34.8432142432767, 135.682110643421], [34.8430760399648, 135.681945617173], [34.8430662562149, 135.681142618204], [34.8430759795748, 135.680466480473], [34.8431013637475, 135.68041841387], [34.8432097516515, 135.680405618429], [34.8433192630928, 135.680334035677], [34.8433625657981, 135.680288250677], [34.8436101240185, 135.680302046488]]"
通禁（３ｔ）,最大積載量3000キログラム以上の準中型貨物自動車及び中型貨物自動車（特定中型貨物自動車を除く。）、特定中型自動車、大型自動車並びに大型特殊自動車 終日,,,"[[34.8436168368917, 135.682217918488], [34.8436245409244, 135.681849182064], [34.8436390350706, 135.680769357429], [34.8436421820938, 135.680305870176], [34.843647532002, 135.679871295798], [34.843645150568, 135.679789658052], [34.8436727359222, 135.679549902847], [34.8437091568084, 135.679368043645], [34.8438058805304, 135.678988453985], [34.8438099808822, 135.678893626003], [34.8438511368511, 135.678050719877], [34.8438421402651, 135.677916469506], [34.8438527091671, 135.677813732599], [34.8439682264675, 135.677170679303], [34.8439722543992, 135.677049510339], [34.8439322444676, 135.676707309911], [34.843857031397, 135.676184851543]]"
通禁（３ｔ）,最大積載量3000キログラム以上の準中型貨物自動車及び中型貨物自動車（特定中型貨物自動車を除く。）、特定中型貨物自動車、大型貨物自動車並びに大型特殊自動車 終日,,,"[[34.8492604868664, 135.683954178006], [34.849325467529, 135.683511200087], [34.849373773124, 135.683218468254], [34.8494011822742, 135.683091494159], [34.8494022804493, 135.682703150599], [34.8493902480643, 135.682195751884], [34.8493855303875, 135.681217141439], [34.8493793793799, 135.680509104553], [34.8493792251851, 135.680508755222]]"
通禁（３ｔ）,最大積載量3000キログラム以上の準中型貨物自動車及び中型貨物自動車（特定中型貨物自動車を除く。）、特定中型自動車、大型自動車並びに大型特殊自動車 終日,,,"[[34.8446448122775, 135.666081720277], [34.8451760613678, 135.666506554082], [34.8456575196483, 135.666901446296], [34.8462094567529, 135.667331226259], [34.8468446072208, 135.667881288988], [34.8471766673403, 135.668166298198], [34.8474506950762, 135.668426413378], [34.8480942890915, 135.669031767662], [34.848268612645, 135.669181766536], [34.8486174916119, 135.669524597613], [34.8489682706113, 135.66983715577], [34.8491655216585, 135.67000915547], [34.8492432747529, 135.67005030095], [34.8496967363295, 135.670044724039], [34.8502588546299, 135.670027407676], [34.8508583233739, 135.670021336983], [34.8511939838285, 135.670106652813], [34.8513206520923, 135.66985370629], [34.8513577443938, 135.669785737531], [34.8514558315699, 135.66930685894]]"
通禁（３ｔ）,最大積載量3000キログラム以上の準中型貨物自動車及び中型貨物自動車（特定中型貨物自動車を除く。）、特定中型自動車、大型自動車並びに大型特殊自動車 終日,,,"[[34.8386892875297, 135.705854585199], [34.8382787448601, 135.706544884858], [34.8378921493437, 135.707181025558], [34.8371506326742, 135.708430568305], [34.8361165578014, 135.710143589167], [34.8356573268373, 135.710921802464], [34.8356573268373, 135.710921802464]]"
通禁（３ｔ）,最大積載量3000キログラム以上の準中型貨物自動車及び中型貨物自動車（特定中型貨物自動車を除く。）、特定中型自動車、大型自動車並びに大型特殊自動車 終日,,,"[[34.8354583321734, 135.710258054746], [34.8358059504055, 135.710570881891], [34.8358900949184, 135.710606923253], [34.8359317531738, 135.710632615681], [34.8361647785311, 135.710707972709], [34.8364133631497, 135.710790361557]]"
通禁（３ｔ）,最大積載量3000キログラム以上の準中型貨物自動車及び中型貨物自動車（特定中型貨物自動車を除く。）、特定中型自動車、大型自動車並びに大型特殊自動車 終日,,,"[[34.8348706117698, 135.710708960921], [34.8352020183782, 135.710432819501], [34.8354419466713, 135.710215326988], [34.8355242383222, 135.710127600886], [34.8358416269522, 135.70974596685], [34.8360447139097, 135.709436936838], [34.836108578259, 135.70932839397], [34.8361473607009, 135.709249164309], [34.8361722982593, 135.709140757319], [34.8361926338016, 135.709026812064], [34.8361923011111, 135.708887933821], [34.8361224014285, 135.70838544913], [34.8360316419249, 135.707783028633], [34.8360128294297, 135.707566510315], [34.8360216350212, 135.706466577016], [34.8360259464093, 135.706344378355], [34.8360536283014, 135.705460382868]]"
通禁（３ｔ）,最大積載量3000キログラム以上の準中型貨物自動車及び中型貨物自動車（特定中型貨物自動車を除く。）、特定中型自動車、大型自動車並びに大型特殊自動車 終日,,,"[[34.8360234021374, 135.709572577526], [34.8362761713764, 135.709820125425], [34.8363613058593, 135.709870202101], [34.8364755620446, 135.709969414006], [34.8367467949218, 135.710221108808], [34.8367535825892, 135.710224616688]]"
通禁（３ｔ）,最大積載量3000キログラム以上の準中型貨物自動車及び中型貨物自動車（特定中型貨物自動車を除く。）、特定中型自動車、大型自動車並びに大型特殊自動車 終日,,,"[[34.8362493919136, 135.708951291358], [34.8368126174821, 135.70889097004], [34.8369112204518, 135.708943399065], [34.8371545040698, 135.709170301706], [34.8373082798388, 135.709303118682], [34.8373083250429, 135.709303173191]]"
通禁（３ｔ）,最大積載量3000キログラム以上の準中型貨物自動車及び中型貨物自動車（特定中型貨物自動車を除く。）、特定中型自動車、大型自動車並びに大型特殊自動車 終日,,,"[[34.8360700674863, 135.706259202394], [34.8363637865785, 135.706505352867], [34.836461338172, 135.706591111212], [34.8368125004067, 135.706887820856], [34.8375019071929, 135.707504149516], [34.8380880453241, 135.708023945579]]"
通禁（３ｔ）,最大積載量3000キログラム以上の準中型貨物自動車及び中型貨物自動車（特定中型貨物自動車を除く。）、特定中型自動車、大型自動車並びに大型特殊自動車 終日,,,"[[34.8388441691808, 135.706737126991], [34.838307140482, 135.706259900656], [34.8379250831022, 135.705932150994], [34.8379274906935, 135.705932404829]]"
通禁（３ｔ）,最大積載量3000キログラム以上の準中型貨物自動車及び中型貨物自動車（特定中型貨物自動車を除く。）、特定中型自動車、大型自動車並びに大型特殊自動車 終日,,,"[[34.7970285581871, 135.657231736696], [34.7968820312081, 135.656945287868], [34.7967223969537, 135.656624197017], [34.7965472818282, 135.656353637794], [34.7964220324675, 135.656231136368], [34.7963410279891, 135.656108441563], [34.7962859508246, 135.655960406687], [34.7962384123259, 135.655711419258], [34.7962168365392, 135.655443386136], [34.7962136135607, 135.65522258511], [34.796194315585, 135.654811132572], [34.7961801220445, 135.654328003131], [34.7961421522194, 135.654249303331], [34.7959985736954, 135.654085857715], [34.7959111570942, 135.654001058261], [34.7957227936847, 135.653632810676], [34.7955750497974, 135.65337792728], [34.7954090887802, 135.653098762117], [34.7953500908541, 135.652942857264], [34.7952281210187, 135.652600324284], [34.7951141987814, 135.652345313919], [34.7949593033227, 135.652071613859], [34.7948319114987, 135.651885244507], [34.7947359666888, 135.651772081448], [34.7946048666492, 135.651656715899], [34.7945462051133, 135.651612014199], [34.7945462232055, 135.651612035979]]"
通禁（３ｔ）,最大積載量3000キログラム以上の準中型貨物自動車及び中型貨物自動車（特定中型貨物自動車を除く。）、特定中型自動車、大型自動車並びに大型特殊自動車 終日,,,"[[34.7918925651261, 135.65095288161], [34.791933801748, 135.651057494013], [34.7926316045496, 135.651617199733], [34.7928272918216, 135.651627419717], [34.7939055946903, 135.651584287694], [34.7944607327559, 135.651576494699], [34.794565194798, 135.651509878875], [34.7950144835557, 135.65109431093], [34.795922186961, 135.650257618268], [34.796021932051, 135.650130345251], [34.7961122698275, 135.649898288751], [34.7960416846826, 135.649093247916], [34.7960140208855, 135.648966489012], [34.795729767595, 135.648234063712]]"
通禁（３ｔ）,最大積載量3000キログラム以上の準中型貨物自動車及び中型貨物自動車（特定中型貨物自動車を除く。）、特定中型自動車、大型自動車並びに大型特殊自動車 終日,,,"[[34.8056754461148, 135.698783797014], [34.8060543071153, 135.698503167187], [34.8069287321888, 135.697890347598], [34.8070453048032, 135.697803405785], [34.8075214152348, 135.697475251828], [34.8078452555121, 135.6972420262], [34.8086937709666, 135.696635236133], [34.8096879418652, 135.695904000486], [34.8100701153627, 135.6956351815], [34.8102222783613, 135.695512679602], [34.8104197196072, 135.695331033451], [34.8106493993365, 135.695070572462], [34.8107400466023, 135.694977848919], [34.8107756779843, 135.694958066078]]"
通禁（３ｔ）,最大積載量3000キログラム以上の準中型貨物自動車及び中型貨物自動車（特定中型貨物自動車を除く。）、特定中型自動車、大型自動車並びに大型特殊自動車 終日,,,"[[34.8046030039548, 135.698444502044], [34.804590511788, 135.698555162171], [34.8045234182986, 135.698732404199], [34.8044309872169, 135.698991597501], [34.8046801511104, 135.699384498759], [34.8048651361455, 135.699644941641], [34.8049347604468, 135.699759742856], [34.8049751621448, 135.699861359673], [34.8049809273546, 135.699980817897], [34.8049668895515, 135.700204328799], [34.8049653795299, 135.700334862756], [34.8050787482576, 135.700429604908], [34.8051226323955, 135.700462628265], [34.80533654507, 135.700594693214], [34.8054992786044, 135.700722418206], [34.8056473918491, 135.700843573068], [34.8059052871993, 135.701063933476], [34.8059966953234, 135.701125552983], [34.8061666618229, 135.701228925096], [34.8062654684231, 135.701311601342], [34.8063643044797, 135.701428508796], [34.8064777857644, 135.701569703956], [34.8065619924493, 135.701680041201], [34.8066152528704, 135.701817015525], [34.8066793600186, 135.701914134933], [34.8068953652811, 135.702154597812], [34.8070344349942, 135.70230898271], [34.8071442069025, 135.702419208127], [34.8071935786865, 135.702458869841], [34.8074587031871, 135.702650446753], [34.8077072783571, 135.70281328437], [34.8081057840512, 135.703070763458], [34.808484211887, 135.703312883802], [34.8085939541631, 135.703418696942], [34.8087531428595, 135.703595137302], [34.8088776717261, 135.703754039205], [34.8090807735803, 135.703972349715], [34.8092234224217, 135.704097972535], [34.809283717865, 135.704133159855], [34.8093733627362, 135.704208104087], [34.8094503838279, 135.704334015684], [34.809869684625, 135.704916632027], [34.809964786253, 135.705000389679]]"
通禁（３ｔ）,最大積載量3000キログラム以上の準中型貨物自動車及び中型貨物自動車（特定中型貨物自動車を除く。）、特定中型自動車、大型自動車並びに大型特殊自動車 終日,,,"[[34.808781193604, 135.701781150604], [34.8087039349075, 135.701865608792], [34.8086281208112, 135.702539482478], [34.8085017933189, 135.703313892209], [34.8085005063, 135.70331476025]]"
通禁（３ｔ）,最大積載量3000キログラム以上の準中型貨物自動車及び中型貨物自動車（特定中型貨物自動車を除く。）、特定中型自動車、大型自動車並びに大型特殊自動車 終日,,,"[[34.8070153128495, 135.699478502589], [34.8068824680425, 135.699763948501], [34.8068134713133, 135.699948775501], [34.806747110933, 135.700120652133], [34.8067181446562, 135.700289136763], [34.8067185097363, 135.700438093894], [34.8067671249487, 135.700658126947], [34.8067862666135, 135.700836176622], [34.8067758602558, 135.700952777476], [34.8067202928656, 135.701166704043], [34.806574567465, 135.701646497178]]"
通禁（３ｔ）,最大積載量3000キログラム以上の準中型貨物自動車及び中型貨物自動車（特定中型貨物自動車を除く。）、特定中型自動車、大型自動車並びに大型特殊自動車 終日,,,"[[34.8334665392638, 135.69919715321], [34.8331015643305, 135.699204347462], [34.8323538588124, 135.699227666851], [34.8322408740575, 135.699228076385], [34.8320910161579, 135.699249709493], [34.8318325953958, 135.699295427876], [34.8316611453443, 135.699356694665], [34.8314268489987, 135.699497201567], [34.8313228414168, 135.69961350057], [34.8312751677816, 135.699663735212], [34.8311952005479, 135.699830019765], [34.8311454894786, 135.699927710583], [34.8311217014424, 135.699972599825], [34.8310219110074, 135.700033550904], [34.83102307097, 135.700032344088]]"
通禁（３ｔ）,最大積載量3000キログラム以上の準中型貨物自動車及び中型貨物自動車（特定中型貨物自動車を除く。）、特定中型自動車、大型自動車並びに大型特殊自動車 終日,,,"[[34.8294643795997, 135.701644267118], [34.8297306761219, 135.70194924156], [34.8297141792081, 135.701993589366], [34.8295884060681, 135.702138943253], [34.8297881276045, 135.702367683723], [34.8299571050794, 135.702242302163], [34.8304812857061, 135.702091549769]]"
通禁（３ｔ）,最大積載量3000キログラム以上の準中型貨物自動車及び中型貨物自動車（特定中型貨物自動車を除く。）、特定中型自動車、大型自動車並びに大型特殊自動車 終日,,,"[[34.8297933931915, 135.701043007198], [34.8302207820991, 135.701205340238], [34.8303269739005, 135.701159083847], [34.83043669448, 135.701088773274], [34.8305933411521, 135.701048872757], [34.830708678693, 135.701059390305], [34.8308817031501, 135.701069722024], [34.8310023922762, 135.701060562952], [34.8310618227735, 135.701047218476], [34.8311702225519, 135.701169200709]]"
通禁（３ｔ）,最大積載量3000キログラム以上の準中型貨物自動車及び中型貨物自動車（特定中型貨物自動車を除く。）、特定中型自動車、大型自動車並びに大型特殊自動車 終日,,,"[[34.830113193299, 135.699785719389], [34.8302923770144, 135.699858791344]]"
通禁（３ｔ）,最大積載量3000キログラム以上の準中型貨物自動車及び中型貨物自動車（特定中型貨物自動車を除く。）、特定中型自動車、大型自動車並びに大型特殊自動車 終日,,,"[[34.8307496036847, 135.699243179028], [34.8308536010528, 135.699625519687], [34.830960458112, 135.700005478586], [34.8310045349511, 135.700167006444], [34.8316867222423, 135.700623663705]]"
通禁（３ｔ）,最大積載量3000キログラム以上の準中型貨物自動車及び中型貨物自動車（特定中型貨物自動車を除く。）、特定中型自動車、大型自動車並びに大型特殊自動車 終日,,,"[[34.8194139019237, 135.652158966437], [34.8211723779766, 135.651896472404], [34.8218500323675, 135.651787322646], [34.8229191589355, 135.651605724646], [34.8236026339215, 135.651489462036], [34.8239243162682, 135.651566055714], [34.8242287311723, 135.65174197256], [34.8257104382513, 135.652777667809], [34.8278714272821, 135.654271285922], [34.8281054081099, 135.654334123412], [34.8286258344462, 135.654424106598]]"
通禁（３ｔ）,最大積載量3000キログラム以上の準中型貨物自動車及び中型貨物自動車（特定中型貨物自動車を除く。）、特定中型自動車、大型自動車並びに大型特殊自動車 終日,,,"[[34.8201962504308, 135.652100902338], [34.8201615336118, 135.652753866239], [34.8201064404756, 135.653597053953], [34.8200915394896, 135.653869655591], [34.8200826590151, 135.654427440903], [34.8201674142822, 135.65482004732], [34.8202099714246, 135.655073455332], [34.8200646485103, 135.65543532792], [34.8197633000182, 135.656076713551], [34.8196645478676, 135.656273611833], [34.8196439020179, 135.656368766405], [34.8196968501409, 135.656609384915], [34.8196995321418, 135.656614194513]]"
通禁（３ｔ）,最大積載量3000キログラム以上の準中型貨物自動車及び中型貨物自動車（特定中型貨物自動車を除く。）、特定中型自動車、大型自動車並びに大型特殊自動車 終日,,,"[[34.8513660487268, 135.686405023217], [34.8518269716672, 135.686405828155], [34.8520320702461, 135.68641019223], [34.8528989938932, 135.686414667157], [34.8536664891728, 135.6863913174], [34.8539625110209, 135.686390232341], [34.8539641230276, 135.686389581045]]"
通禁（３ｔ）,最大積載量3000キログラム以上の準中型貨物自動車及び中型貨物自動車（特定中型貨物自動車を除く。）、特定中型自動車、大型自動車並びに大型特殊自動車 終日,,,"[[34.8509172373953, 135.688255450225], [34.8512988265085, 135.688641281734], [34.8517100962692, 135.689024512111], [34.8520566969346, 135.689355071602], [34.8523063803324, 135.689605226739]]"
通禁（３ｔ）,最大積載量3000キログラム以上の準中型貨物自動車及び中型貨物自動車（特定中型貨物自動車を除く。）、特定中型自動車、大型自動車並びに大型特殊自動車 終日,,,"[[34.85421291683, 135.692165845338], [34.8542170673364, 135.691990807497], [34.8540476781904, 135.691935261149], [34.8540401116902, 135.6915046106], [34.853537431036, 135.691480262333], [34.853537431036, 135.691480262333], [34.853365352286, 135.691469850269], [34.8533687962288, 135.691140772325], [34.8533694575787, 135.690754450221], [34.8533701160452, 135.690334492625], [34.8533701160452, 135.690334492625], [34.8533537697526, 135.690175259028], [34.8533388468155, 135.690094628573], [34.8533207793855, 135.689946504991], [34.8533173235386, 135.689810990962], [34.8533450572252, 135.689634258276], [34.8533957026173, 135.689412890783], [34.8534040305042, 135.689353979911], [34.8533693336579, 135.689306846437], [34.8532447186523, 135.689191138238], [34.853171132419, 135.689104454209], [34.8529048226339, 135.688857901845], [34.8529048226339, 135.688857901845], [34.8526368737172, 135.688600350588], [34.8526368737172, 135.688600350588], [34.8525580942188, 135.688518305093], [34.8522832291024, 135.68825150487], [34.8520354204566, 135.688010812479], [34.8518410564359, 135.687811364701], [34.8517254747176, 135.687733514021], [34.8514488667347, 135.687533623661], [34.8512927021117, 135.687421693961], [34.8512927021117, 135.687421693961]]"
通禁（３ｔ）,最大積載量3000キログラム以上の準中型貨物自動車及び中型貨物自動車（特定中型貨物自動車を除く。）、特定中型自動車、大型自動車並びに大型特殊自動車 終日,,,"[[34.8493658180561, 135.689833483565], [34.8496810513712, 135.69039054572], [34.8497819041769, 135.690560178694], [34.8501697412246, 135.691261692923], [34.8502328102169, 135.691375644043], [34.8504689622193, 135.691686879999], [34.8505791813574, 135.69182161953], [34.8507395970324, 135.691973286674], [34.8507389145783, 135.691974339001]]"
通禁（３ｔ）,最大積載量3000キログラム以上の準中型貨物自動車及び中型貨物自動車（特定中型貨物自動車を除く。）、特定中型自動車、大型自動車並びに大型特殊自動車 終日,,,"[[34.847088851292, 135.69244738267], [34.8481648391135, 135.691554616766], [34.8491755033937, 135.690741548266], [34.8498947840017, 135.690131895196], [34.8505011255331, 135.689623838912], [34.8509528163564, 135.689210246112], [34.8512320467069, 135.688905742421], [34.8513448365133, 135.688753579582], [34.8514932200993, 135.688543456147], [34.8515999357425, 135.68834073879], [34.8516946200315, 135.688101902646], [34.8517773378381, 135.687841458806], [34.8518302498129, 135.687573898415], [34.8518769642535, 135.687212403493], [34.8518936823948, 135.686771553367], [34.8518808077318, 135.68414854372], [34.8518867756797, 135.684148520991]]"
通禁（３ｔ）,最大積載量3000キログラム以上の準中型貨物自動車及び中型貨物自動車（特定中型貨物自動車を除く。）、特定中型自動車、大型自動車並びに大型特殊自動車 終日,,,"[[34.8484843450161, 135.690541598473], [34.8487633653184, 135.691048687928], [34.849042378946, 135.691550050757], [34.8492598424577, 135.691914639221], [34.8497136420895, 135.692666595418], [34.8500158399352, 135.693030875869], [34.8500159809193, 135.69302960686]]"
通禁（３ｔ）,最大積載量3000キログラム以上の準中型貨物自動車及び中型貨物自動車（特定中型貨物自動車を除く。）、特定中型自動車、大型自動車並びに大型特殊自動車 終日,,,"[[34.8476185149415, 135.691260914222], [34.8478876207739, 135.691777529296], [34.8484086359342, 135.692638311139], [34.8487490919886, 135.693240959954], [34.8489046301415, 135.693509387596], [34.8491522482773, 135.693807886644], [34.8493745852004, 135.694017731052]]"
通禁（３ｔ）,最大積載量3000キログラム以上の準中型貨物自動車及び中型貨物自動車（特定中型貨物自動車を除く。）、特定中型自動車、大型自動車並びに大型特殊自動車 終日,,,"[[34.8481095994307, 135.694197174238], [34.8488564283469, 135.693577811663], [34.8490396082828, 135.693417263288], [34.8498705816075, 135.692574934196], [34.8502365515335, 135.692122519367], [34.8504898898888, 135.69179614417]]"
通禁（３ｔ）,最大積載量3000キログラム以上の準中型貨物自動車及び中型貨物自動車（特定中型貨物自動車を除く。）、特定中型自動車、大型自動車並びに大型特殊自動車 終日,,,"[[34.8513675843995, 135.685230578819], [34.8518897678513, 135.685252954057], [34.852406809454, 135.685232722578], [34.8529439908246, 135.685242848717], [34.8545336718473, 135.68521604719], [34.8545535825665, 135.684083800824], [34.8545631058218, 135.683541466715], [34.854561381899, 135.683270744158], [34.8545599380544, 135.681497645966]]"
通禁（３ｔ）,最大積載量3000キログラム以上の準中型貨物自動車及び中型貨物自動車（特定中型貨物自動車を除く。）、特定中型自動車、大型自動車並びに大型特殊自動車 終日,,,"[[34.8534768326273, 135.685173512266], [34.8534837242586, 135.683597116224], [34.8534853220658, 135.683230486683], [34.8534930412129, 135.681467442991], [34.8534976526074, 135.681473025689]]"
通禁（３ｔ）,最大積載量3000キログラム以上の準中型貨物自動車及び中型貨物自動車（特定中型貨物自動車を除く。）、特定中型自動車、大型自動車並びに大型特殊自動車 終日,,,"[[34.8524140352092, 135.684099531331], [34.8523997561597, 135.682783498372], [34.8524095264938, 135.681688553591], [34.8523303901601, 135.681640560178], [34.8522088420811, 135.681599455877], [34.8517764402376, 135.681602881602], [34.8513793677384, 135.681601168191]]"
通禁（３ｔ）,最大積載量3000キログラム以上の準中型貨物自動車及び中型貨物自動車（特定中型貨物自動車を除く。）、特定中型自動車、大型自動車並びに大型特殊自動車 終日,,,"[[34.8556199374558, 135.683519480799], [34.855613387093, 135.684081840645], [34.8535285827256, 135.684102647658], [34.8533343784029, 135.684124703898], [34.8513856502589, 135.684115413133]]"
通禁（３ｔ）,最大積載量3000キログラム以上の準中型貨物自動車及び中型貨物自動車（特定中型貨物自動車を除く。）、特定中型自動車、大型自動車並びに大型特殊自動車 終日,,,"[[34.8564625086099, 135.676541634819], [34.8563814895061, 135.676785518248], [34.8564193343908, 135.676929869156], [34.856392570469, 135.678346028913], [34.856329383111, 135.681368342158], [34.8563091633491, 135.682706040779], [34.8562870598331, 135.683333679343], [34.8562870925182, 135.68333577894]]"
通禁（３ｔ）,最大積載量3000キログラム以上の準中型貨物自動車及び中型貨物自動車（特定中型貨物自動車を除く。）、特定中型自動車、大型自動車並びに大型特殊自動車 終日,,,"[[34.8195097208656, 135.70505618588], [34.8198096861709, 135.704893852294], [34.81984388346, 135.704846901347], [34.8199846522335, 135.704503029516], [34.8201761778085, 135.704282566848], [34.8202467461306, 135.704184765815], [34.8203010813851, 135.704032409274], [34.820438177035, 135.703501217437], [34.820533800894, 135.703122390361], [34.8205785647355, 135.703005167077], [34.8206971326032, 135.70279792314], [34.820844583213, 135.7025457458], [34.8209250046455, 135.702533762273], [34.8212307973562, 135.702563880584], [34.8212694362197, 135.702567678072], [34.8212695132341, 135.702569689188]]"
通禁（３ｔ）,最大積載量3000キログラム以上の準中型貨物自動車及び中型貨物自動車（特定中型貨物自動車を除く。）、特定中型自動車、大型自動車並びに大型特殊自動車 終日,,,"[[34.8226097440371, 135.703898922299], [34.8223115642406, 135.70391167728], [34.8221233615823, 135.703921483924], [34.8218233877763, 135.703952861511], [34.8216664230656, 135.70391828445], [34.8215673870894, 135.703886453476], [34.8213473819582, 135.703726311874], [34.8213127509531, 135.703750702723], [34.8210600064941, 135.703662683807]]"
通禁（３ｔ）,最大積載量3000キログラム以上の準中型貨物自動車及び中型貨物自動車（特定中型貨物自動車を除く。）、特定中型自動車、大型自動車並びに大型特殊自動車 終日,,,"[[34.8214256166921, 135.702195100361], [34.8216350298794, 135.702295829541], [34.8218556404768, 135.702367233694], [34.8220504814335, 135.702399759153], [34.8225251956762, 135.702417577491], [34.8225268184291, 135.702417593562]]"
通禁（３ｔ）,最大積載量3000キログラム以上の準中型貨物自動車及び中型貨物自動車（特定中型貨物自動車を除く。）、特定中型自動車、大型自動車並びに大型特殊自動車 終日,,,"[[34.8664491908867, 135.680470805584], [34.866401549432, 135.681653401107], [34.866385796643, 135.68267895438], [34.8663680955622, 135.682964805836], [34.8662853198511, 135.683099618713], [34.8661377442888, 135.683189856662], [34.8657683687096, 135.683236073871], [34.865011096076, 135.683306210806], [34.8646970296457, 135.683313017328], [34.863704339513, 135.683414945673], [34.8627066792155, 135.683407543021], [34.8614181171434, 135.683418112982], [34.8608129994675, 135.683403610041], [34.8600925129457, 135.683411988894], [34.8600925656925, 135.683414854069]]"
通禁（３ｔ）,最大積載量3000キログラム以上の準中型貨物自動車及び中型貨物自動車（特定中型貨物自動車を除く。）、特定中型自動車、大型自動車並びに大型特殊自動車 終日,,,"[[34.8296220750404, 135.68496390667], [34.8298789725481, 135.684629519274], [34.8301915887294, 135.684253232304], [34.8304442099486, 135.683929254369], [34.8306367510238, 135.683631567197], [34.8307692258011, 135.68336536459], [34.8314574505227, 135.682036896487], [34.8318679333371, 135.681300734521], [34.8321671335395, 135.680726505323], [34.8322696507387, 135.680507288913], [34.8325260913184, 135.679974971979], [34.8327525581451, 135.679515613889], [34.8329108916139, 135.679285781369], [34.8331378054888, 135.678993134887], [34.8333735212825, 135.678783838937], [34.8334807159153, 135.678705274346], [34.833896650463, 135.678398924666], [34.8340509430799, 135.678257660829], [34.8341878880321, 135.678064367407], [34.8343419682662, 135.677850157265], [34.8344748104278, 135.677724598528], [34.8347020753853, 135.677572618494], [34.8349208553254, 135.67742336021], [34.8350150833557, 135.677313584718], [34.8351431804373, 135.677021321294], [34.8353438042934, 135.676541224666], [34.8354418867293, 135.676275119208], [34.8355311914705, 135.675936122236], [34.8355609110816, 135.675800542336], [34.835688822515, 135.675440554375], [34.8357783062449, 135.675169265012], [34.8358721625599, 135.674908464884], [34.8359146789036, 135.674741564478], [34.8359570460303, 135.674522577934], [34.8359823708228, 135.674355744668], [34.8361400086728, 135.673865386383], [34.8363753332086, 135.673515367825], [34.8363764838713, 135.673514171553]]"
通禁（３ｔ）,最大積載量3000キログラム以上の準中型貨物自動車及び中型貨物自動車（特定中型貨物自動車を除く。）、特定中型自動車、大型自動車並びに大型特殊自動車 終日,,,"[[34.8063595995988, 135.628592327931], [34.8067392992975, 135.628631874201], [34.806880803779, 135.628631320512], [34.8070418431025, 135.62859804388], [34.8071707627754, 135.628597469675], [34.8072970563087, 135.628619684622], [34.8074689212665, 135.628615662123], [34.8075601811226, 135.628595735195], [34.8076451342305, 135.629155406879], [34.807716316299, 135.629601187395], [34.8078059273868, 135.6299263864], [34.8079689320467, 135.630532986179], [34.8080963472146, 135.630923161136], [34.8081911999635, 135.631206030456], [34.8083185477626, 135.6315685771], [34.808405055137, 135.631757051039], [34.80854540877, 135.631987618794], [34.8088233723263, 135.632421137875]]"
通禁（３ｔ）,最大積載量3000キログラム以上の準中型貨物自動車及び中型貨物自動車（特定中型貨物自動車を除く。）、特定中型自動車、大型自動車並びに大型特殊自動車 終日,,,"[[34.8067730146234, 135.627772973027], [34.806781260759, 135.627095398226], [34.8067787284547, 135.62675038336], [34.8067822601603, 135.625468694936], [34.8067825924897, 135.625447719507]]"
通禁（３ｔ）,最大積載量3000キログラム以上の準中型貨物自動車及び中型貨物自動車（特定中型貨物自動車を除く。）、特定中型自動車、大型自動車並びに大型特殊自動車 終日,,,"[[34.8059343412711, 135.624163098087], [34.8058873194533, 135.624186568191], [34.8055194487143, 135.624313695499], [34.8049816546085, 135.624498123275], [34.8048751955456, 135.624526620689], [34.8047293245207, 135.624550923987], [34.8045226272612, 135.624553451332], [34.8045226272612, 135.624553451332], [34.8040933454799, 135.624530813946], [34.8035410228367, 135.62449140007]]"
通禁（３ｔ）,最大積載量3000キログラム以上の準中型貨物自動車及び中型貨物自動車（特定中型貨物自動車を除く。）、特定中型自動車、大型自動車並びに大型特殊自動車 終日,,,"[[34.8062635891765, 135.62778896326], [34.8061424716777, 135.627773185994], [34.8059000875993, 135.627692711765], [34.8057787464403, 135.627603555056], [34.8057450379706, 135.62757925629], [34.8055498778486, 135.627547492328], [34.8054960339886, 135.627527393043], [34.8054656223751, 135.627478597676], [34.8054373700321, 135.627038376183], [34.8054165691656, 135.626830525461], [34.8053251784085, 135.626639286586], [34.8052000787157, 135.626423749927], [34.8051461078218, 135.626370994872], [34.8050720492057, 135.626346855614], [34.8050149277636, 135.626363429055], [34.8049612650386, 135.626408512704], [34.8047769886855, 135.626625477195], [34.8047064760913, 135.626658427872], [34.8046560047731, 135.626650489522], [34.8045078696602, 135.626602232777], [34.8043902108036, 135.626614978402], [34.8043364393005, 135.626627448981], [34.80426915556, 135.626619596857], [34.804026733684, 135.626526919588], [34.8037741143442, 135.626389467631], [34.8035448645119, 135.626202926995]]"
通禁（３ｔ）,最大積載量3000キログラム以上の準中型貨物自動車及び中型貨物自動車（特定中型貨物自動車を除く。）、特定中型自動車、大型自動車並びに大型特殊自動車 終日,,,"[[34.8036121522721, 135.658500090811], [34.8036121522721, 135.658500090811], [34.8036121522721, 135.658500090811], [34.8036024845807, 135.658423292669], [34.8034269690389, 135.658190956452], [34.8034269690389, 135.658190956452], [34.8034269690389, 135.658190956452], [34.8034269690389, 135.658190956452], [34.8033153090169, 135.658000892952], [34.8031462349085, 135.657677426104], [34.8029422796982, 135.657504306484], [34.8027168549314, 135.657346796816], [34.8025778388566, 135.65723419834], [34.8025778388566, 135.65723419834], [34.8023631353026, 135.657083215695], [34.8022831702268, 135.657034388127], [34.8018580686841, 135.656753226394], [34.8016503651362, 135.656632824114], [34.8016036737574, 135.656564497922], [34.8016036737574, 135.656564497922], [34.8016036737574, 135.656564497922], [34.8016036737574, 135.656564497922], [34.8013331480443, 135.656610053064], [34.8012016621042, 135.656615915515], [34.8010749804039, 135.656592475116], [34.8009134405001, 135.65654106565], [34.8007051824178, 135.656457770993], [34.8006740433122, 135.656331505634]]"
通禁（３ｔ）,最大積載量3000キログラム以上の準中型貨物自動車及び中型貨物自動車（特定中型貨物自動車を除く。）、特定中型自動車、大型自動車並びに大型特殊自動車 終日,,,"[[34.8241814084844, 135.703034620552], [34.8241808861905, 135.704057959437], [34.8241991935209, 135.704774514861], [34.8241892329953, 135.705002152695], [34.8241584074338, 135.705295422828], [34.8241228275519, 135.705483118132], [34.8240521241032, 135.706040621102], [34.8240284634594, 135.706188186577], [34.8240256791881, 135.70627108201], [34.8242002194296, 135.706416136339], [34.8242751257065, 135.706348499658], [34.8243515861604, 135.706293593088], [34.8245649643649, 135.70635657651], [34.8249692561478, 135.70647176787], [34.8251511125649, 135.706543958548], [34.8252533536749, 135.706596423368], [34.8255044782513, 135.706726683496]]"
通禁（３ｔ）,最大積載量3000キログラム以上の準中型貨物自動車及び中型貨物自動車（特定中型貨物自動車を除く。）、特定中型自動車、大型自動車並びに大型特殊自動車 終日,,,"[[34.8243086125712, 135.702296032075], [34.8244397958851, 135.702759745475], [34.8244515937102, 135.702825087477], [34.8244497843024, 135.702948187812], [34.8244625317059, 135.703473860523], [34.8247710655379, 135.703478065713], [34.8251002447251, 135.703478896056], [34.8254112001661, 135.703481693369], [34.8254857818561, 135.703485320067], [34.8256731998916, 135.703586596113], [34.825894803284, 135.703702728358], [34.8261656737253, 135.703855702938]]"
通禁（３ｔ）,最大積載量3000キログラム以上の準中型貨物自動車及び中型貨物自動車（特定中型貨物自動車を除く。）、特定中型自動車、大型自動車並びに大型特殊自動車 終日,,,"[[34.8320000682372, 135.705417113501], [34.8319003621776, 135.705350392658], [34.8315123102491, 135.704986879618], [34.8314568378951, 135.704922670287], [34.8314413161324, 135.704901296739], [34.8314323876984, 135.704866452192], [34.8314345271409, 135.704834246917], [34.8318037015523, 135.703807994837], [34.8318784709635, 135.703622609664], [34.8320148667305, 135.703289451271], [34.8321183405971, 135.703082468025], [34.8321867297673, 135.70300173402], [34.8322728850157, 135.702953134337], [34.8323591148797, 135.70293136417], [34.8324962967123, 135.702920191752], [34.8325515486162, 135.702901200004], [34.8329801871116, 135.702668931945], [34.8330443639518, 135.702664700588], [34.8331151938854, 135.702675194329], [34.8331461143268, 135.702656289382], [34.8332344632889, 135.702594265761], [34.8333183629148, 135.702508161035], [34.833536899449, 135.702314175882], [34.8337444145898, 135.702125630243], [34.8339318326788, 135.701870057809], [34.8339980385532, 135.701770610798], [34.8340419258649, 135.701628253847], [34.8340703235112, 135.701477894548], [34.8341401986331, 135.701107362673], [34.8341663737816, 135.700951653649], [34.8341881463496, 135.700809353784], [34.8341568776849, 135.700694097506], [34.83395660852, 135.700222597446], [34.8338654927752, 135.700032467862], [34.8338432152583, 135.699973530257], [34.8337870463727, 135.699624916539], [34.8337625135314, 135.69954720383], [34.8336402100441, 135.699290068957], [34.8335601797782, 135.699132066781], [34.8335502572823, 135.699118753213]]"
通禁（３ｔ）,最大積載量3000キログラム以上の準中型貨物自動車及び中型貨物自動車（特定中型貨物自動車を除く。）、特定中型自動車、大型自動車並びに大型特殊自動車 終日,,,"[[34.8153401884449, 135.665138875251], [34.8152558674268, 135.665173329953], [34.8151965431321, 135.665203901787], [34.8150937763804, 135.665355968119], [34.8149319336014, 135.665625787362], [34.8148914196856, 135.665671432877], [34.8145757671068, 135.665725793699], [34.8145291335885, 135.665824542538], [34.814439189368, 135.666086495059], [34.8144394908786, 135.666196422648], [34.8144617648444, 135.666340398133], [34.8145655420114, 135.666559860908], [34.8146064792222, 135.666662061558], [34.8146324635467, 135.666689611662], [34.8149812041098, 135.66673181405], [34.8149601013333, 135.666722356302], [34.8146339646762, 135.66669131081], [34.8146101966708, 135.666669851081], [34.8144729120348, 135.666328974605], [34.8144370430874, 135.666217703388], [34.8144366684939, 135.666081127353], [34.8145102082294, 135.665875981522], [34.8145514765285, 135.665793147408], [34.8145897987083, 135.665717539266], [34.8148357137548, 135.665677013178], [34.8148771793699, 135.66566605769], [34.8149422552925, 135.665619078106], [34.8152048798166, 135.665186739807], [34.8153085334988, 135.665153977951], [34.8153470044316, 135.665135852754]]"
通禁（３ｔ）,最大積載量3000キログラム以上の準中型貨物自動車及び中型貨物自動車（特定中型貨物自動車を除く。）、特定中型自動車、大型自動車並びに大型特殊自動車 終日,,,"[[34.8132566404661, 135.667773606504], [34.8135464420874, 135.667578485896], [34.8137590260745, 135.667319019435], [34.8139184440335, 135.667117215605], [34.8140245087538, 135.666901273265], [34.8142311883485, 135.666649008702], [34.8142127418963, 135.666404817833], [34.8141357586346, 135.666419500777], [34.8136497955561, 135.666378354213], [34.813205289897, 135.666329849299], [34.8130630900348, 135.666330420705], [34.8130563395696, 135.666028714224], [34.813120352807, 135.665604608454], [34.8130777389035, 135.665188113233], [34.8130715303962, 135.665087567668], [34.8130931610712, 135.664333173452]]"
通禁（３ｔ）,最大積載量3000キログラム以上の準中型貨物自動車及び中型貨物自動車（特定中型貨物自動車を除く。）、特定中型自動車、大型自動車並びに大型特殊自動車 終日,,,"[[34.8131771570755, 135.664158133171], [34.8130351364377, 135.663818837858], [34.8128686004184, 135.663400321319], [34.8127669787233, 135.663128031679], [34.8126366848214, 135.662629863351], [34.8125985474885, 135.662517851156], [34.8124546827608, 135.662194712517], [34.8122495374477, 135.661736780709], [34.8122416150274, 135.661160721128], [34.8122345821613, 135.660898193356], [34.812215177412, 135.660712239109], [34.812163179418, 135.660156767046], [34.8121629016696, 135.660057346365], [34.8122204482622, 135.659588081285], [34.812276123424, 135.659185148054], [34.8123851804767, 135.65909294062], [34.812484369804, 135.658478205422], [34.8126637327189, 135.657952406763], [34.8127765469725, 135.657699571049], [34.8128015141714, 135.657605160954], [34.8128179986488, 135.657485285221], [34.8127941791627, 135.657238116663]]"
通禁（３ｔ）,最大積載量3000キログラム以上の準中型貨物自動車及び中型貨物自動車（特定中型貨物自動車を除く。）、特定中型自動車、大型自動車並びに大型特殊自動車 終日,,,"[[34.8122961768063, 135.657446863416], [34.812305938813, 135.657497670936], [34.8122240489006, 135.658213210446], [34.8122211398909, 135.658355436461], [34.8122243176422, 135.658434088715], [34.8122138304977, 135.658899019034], [34.812202211508, 135.658967009433], [34.8119167052849, 135.659172019846], [34.8117989882505, 135.659265464508], [34.81178148857, 135.659322821658], [34.8117553593022, 135.659469546966], [34.8117254847215, 135.66039225684], [34.811768527113, 135.661017891076], [34.8117805765857, 135.661107229322], [34.8117841916763, 135.661346827082], [34.8117971632997, 135.661758046041], [34.8120023224319, 135.662350843867], [34.8120349860819, 135.662432961311], [34.8120828721223, 135.662679495662], [34.8122046801177, 135.663000854134], [34.8122523183821, 135.66316156566], [34.8123119424297, 135.663379525409], [34.8123652673654, 135.663461559831], [34.8124214528153, 135.663518541419], [34.8127287848641, 135.66373185909], [34.8127732075847, 135.663796059038], [34.8128029626954, 135.663896060708], [34.8128181149802, 135.664039034144], [34.8128420334326, 135.664160526802], [34.8128926574587, 135.664335557851], [34.8128909320373, 135.66433426411]]"
通禁（３ｔ）,最大積載量3000キログラム以上の準中型貨物自動車及び中型貨物自動車（特定中型貨物自動車を除く。）、特定中型自動車、大型自動車並びに大型特殊自動車 終日,,,"[[34.8075984174746, 135.652341132262], [34.8076512570216, 135.651623803816], [34.8076792096379, 135.651437171555], [34.8077132329692, 135.651211035651], [34.8077153584648, 135.651163176543], [34.8076055363528, 135.651040132107], [34.8075055715035, 135.65094989024], [34.8074946978995, 135.65093679845], [34.8074910361202, 135.650794903105], [34.8074753395004, 135.650612334447], [34.8074912791388, 135.650496642556], [34.8075698475259, 135.649920864964], [34.8075649467665, 135.649890730644], [34.8074944527151, 135.649682118046]]"
通禁（３ｔ）,最大積載量3000キログラム以上の準中型貨物自動車及び中型貨物自動車（特定中型貨物自動車を除く。）、特定中型自動車、大型自動車並びに大型特殊自動車 終日,,,"[[34.8030336085935, 135.663619439792], [34.803121067612, 135.663764487081], [34.8032317246345, 135.663903987419], [34.803376729678, 135.664079764768], [34.8034068136139, 135.664115993537], [34.8034203766294, 135.664124146536], [34.8035920092543, 135.664250165966], [34.8037181884762, 135.66440562675], [34.8038405653076, 135.66455533273], [34.8039053933045, 135.664565639766]]"
通禁（３ｔ）,最大積載量3000キログラム以上の準中型貨物自動車及び中型貨物自動車（特定中型貨物自動車を除く。）、特定中型自動車、大型自動車並びに大型特殊自動車 終日,,,"[[34.8339971751579, 135.68242159215], [34.8339922698985, 135.682538201646], [34.8340289588571, 135.68265467381], [34.8340941924263, 135.682755282238], [34.8341619397451, 135.68282436098], [34.8343232830957, 135.682911996253], [34.8344274544956, 135.682999828567], [34.8344692120898, 135.683069018053], [34.834479795649, 135.683141464558], [34.8344695333689, 135.683191927577], [34.834379752486, 135.683636649029], [34.834382339737, 135.683636639157]]"
通禁（３ｔ）,最大積載量3000キログラム以上の準中型貨物自動車及び中型貨物自動車（特定中型貨物自動車を除く。）、特定中型自動車、大型自動車並びに大型特殊自動車 終日,,,"[[34.8105040283239, 135.671910364547], [34.8109824413728, 135.671132601357], [34.8113109053949, 135.670591460843], [34.8116120110044, 135.670101741789], [34.8118791974759, 135.669670804486], [34.812177050403, 135.669199759309], [34.8124224209728, 135.668829588413], [34.812481467621, 135.668706681877], [34.8125130372106, 135.668590585136], [34.8125237175537, 135.668477216856], [34.812532257657, 135.668349297897], [34.8125473042851, 135.668223910611], [34.8125690714311, 135.668139845873], [34.812725360292, 135.667795253878], [34.8128052311207, 135.667629699994], [34.812883066386, 135.667544065919]]"
通禁（３ｔ）,最大積載量3000キログラム以上の準中型貨物自動車及び中型貨物自動車（特定中型貨物自動車を除く。）、特定中型自動車、大型自動車並びに大型特殊自動車 終日,,,"[[34.811662789311, 135.670137325557], [34.8118943824398, 135.67034025455], [34.8123483964717, 135.670735057977], [34.8124478815251, 135.670803753964], [34.8128178920585, 135.671054811049], [34.8129580975858, 135.67114699983], [34.8129638635994, 135.671149031902]]"
通禁（３ｔ）,最大積載量3000キログラム以上の準中型貨物自動車及び中型貨物自動車（特定中型貨物自動車を除く。）、特定中型自動車、大型自動車並びに大型特殊自動車 終日,,,"[[34.8085422642968, 135.670477076121], [34.8086332584662, 135.670536020696], [34.8091479821341, 135.670944879282], [34.8093753612202, 135.671049868432], [34.8100336284348, 135.671572560016], [34.8104538383874, 135.671905589432], [34.8105239294225, 135.671985812791], [34.8107725018579, 135.672171212178], [34.8108599582511, 135.672209013408], [34.811080175874, 135.67224626946], [34.8112514387379, 135.672252010282], [34.8113596377708, 135.672209218382], [34.8114922964131, 135.672170570837], [34.8116285210937, 135.672157321532], [34.8120690807341, 135.672278437842], [34.812467716602, 135.672391260761]]"
通禁（３ｔ）,最大積載量3000キログラム以上の準中型貨物自動車及び中型貨物自動車（特定中型貨物自動車を除く。）、特定中型自動車、大型自動車並びに大型特殊自動車 終日,,,"[[34.846838030746, 135.707084871054], [34.8469611477126, 135.707061232739], [34.8472299976794, 135.707012093675], [34.8473333269789, 135.707000651888], [34.8475157298549, 135.706976355723], [34.8476981889285, 135.706975711794], [34.8478543191041, 135.706973837633], [34.8479852115966, 135.70700120553], [34.8481918976779, 135.707050591881], [34.8485261294976, 135.707145510985], [34.8486880238872, 135.707186690572], [34.8491037889527, 135.707302220683], [34.8491784540139, 135.707331176522], [34.8492497641928, 135.707382474088], [34.8493326010741, 135.707469872281]]"
通禁（３ｔ）,最大積載量3000キログラム以上の準中型貨物自動車及び中型貨物自動車（特定中型貨物自動車を除く。）、特定中型自動車、大型自動車並びに大型特殊自動車 終日,,,"[[34.8262621771022, 135.707802654503], [34.8263354584679, 135.707561276648], [34.8263515078179, 135.707506001685], [34.8264225611248, 135.707271857248], [34.8265275028075, 135.706888411614], [34.8265205686231, 135.706842892038], [34.8263632733111, 135.706746157572], [34.8262971427786, 135.706228714833], [34.8262652043721, 135.705729803003], [34.8262156499485, 135.704989755904], [34.8261890344357, 135.70457988034]]"
通禁（３ｔ）,最大積載量3000キログラム以上の準中型貨物自動車及び中型貨物自動車（特定中型貨物自動車を除く。）、特定中型自動車、大型自動車並びに大型特殊自動車 終日,,,"[[34.8499599599715, 135.673268440471], [34.8500081712038, 135.673076053255], [34.8499993009626, 135.672951897065], [34.8499842551805, 135.672798174601], [34.8499989747073, 135.672393021725], [34.8500084281564, 135.672268093348], [34.85009847873, 135.67176432466], [34.850105620249, 135.671697744805], [34.8501081573305, 135.671271962078], [34.8501134397802, 135.670831788655], [34.8501178482687, 135.670429257594], [34.8501205477354, 135.670075504263]]"
通禁（３ｔ）,最大積載量3000キログラム以上の準中型貨物自動車及び中型貨物自動車（特定中型貨物自動車を除く。）、特定中型自動車、大型自動車並びに大型特殊自動車 終日,,,"[[34.8491170344431, 135.670026636753], [34.8491002065398, 135.670168050314], [34.8491130772506, 135.670304578057], [34.849017362545, 135.670583277507], [34.8489054174541, 135.670827048627], [34.8487073955774, 135.671122369185], [34.848488304006, 135.671436973662], [34.8483936775617, 135.67156758408], [34.8483534399873, 135.671659509668], [34.8482431767887, 135.671875506929], [34.8482047377981, 135.671975976216], [34.8481856240481, 135.67206568555], [34.8481787439225, 135.67212548315], [34.8481704517029, 135.672297358812], [34.8481459062146, 135.672333738017], [34.8480351237614, 135.67235550985]]"
通禁（３ｔ）,最大積載量3000キログラム以上の準中型貨物自動車及び中型貨物自動車（特定中型貨物自動車を除く。）、特定中型自動車、大型自動車並びに大型特殊自動車 終日,,,"[[34.8484489459947, 135.669634640904], [34.8486654588993, 135.669822297848], [34.8488846655467, 135.670019578802], [34.849080138689, 135.670200979049], [34.8490869202779, 135.670208661295]]"
通禁（３ｔ）,最大積載量3000キログラム以上の準中型貨物自動車及び中型貨物自動車（特定中型貨物自動車を除く。）、特定中型自動車、大型自動車並びに大型特殊自動車 終日,,,"[[34.8486612597751, 135.668748234772], [34.8485158556557, 135.669148620465], [34.8486613884036, 135.668749130929]]"
通禁（３ｔ）,最大積載量3000キログラム以上の準中型貨物自動車及び中型貨物自動車（特定中型貨物自動車を除く。）、特定中型自動車、大型自動車並びに大型特殊自動車 終日,,,"[[34.8490777005018, 135.669871449832], [34.8490963705401, 135.669150109854], [34.8491183123732, 135.668616686484], [34.8491271896539, 135.668292863763], [34.8491395875509, 135.668050996134], [34.8491404350018, 135.668051025547]]"
通禁（３ｔ）,最大積載量3000キログラム以上の準中型貨物自動車及び中型貨物自動車（特定中型貨物自動車を除く。）、特定中型自動車、大型自動車並びに大型特殊自動車 終日,,,"[[34.8272922046825, 135.687394415524], [34.8271879484617, 135.687394808369], [34.827099307697, 135.687388823546], [34.8270263815171, 135.687408065738], [34.8263219520796, 135.687138892721], [34.8262384497068, 135.687101273205], [34.8258213346807, 135.687071241836], [34.8254250636458, 135.687034802512], [34.8249660603237, 135.686929073117], [34.8242200577753, 135.686710638893], [34.8239698338431, 135.686711583804], [34.8238185833823, 135.686680551199], [34.8236881354251, 135.686630473541], [34.8235159759546, 135.686580553626], [34.82312977752, 135.686405017778], [34.8228949179548, 135.686298436515], [34.8224720646912, 135.686059835633], [34.8220441542648, 135.68588446254], [34.8217467660039, 135.685784450431], [34.8216631494128, 135.685702584295], [34.8216265435168, 135.685658472383], [34.8215795816657, 135.685639695169], [34.821480512487, 135.685627422894], [34.8214461894316, 135.685647109322], [34.8215971242352, 135.685646537381], [34.8216811108751, 135.685697061437], [34.821853315259, 135.68581334329], [34.8224703328423, 135.686080470094], [34.8229992984021, 135.686342850701], [34.8235575937016, 135.686600040736], [34.8238680913739, 135.686690377738], [34.8242371276903, 135.686719494807], [34.825416095262, 135.68703536108], [34.8256760983887, 135.687054713827], [34.8262296527776, 135.687098387511], [34.8269011811878, 135.687365322488], [34.8270983311583, 135.687405247431], [34.8271905184674, 135.687384566108], [34.8272995907148, 135.687409572595]]"
通禁（３ｔ）,最大積載量3000キログラム以上の準中型貨物自動車及び中型貨物自動車（特定中型貨物自動車を除く。）、特定中型自動車、大型自動車並びに大型特殊自動車 終日,,,"[[34.8040713325331, 135.661924755543], [34.8041616752131, 135.662081627089], [34.8041987267244, 135.662152942793], [34.8042973155096, 135.662344678428], [34.8043113835089, 135.662372305095], [34.8043560109728, 135.662519548627]]"
通禁（３ｔ）,最大積載量3000キログラム以上の準中型貨物自動車及び中型貨物自動車（特定中型貨物自動車を除く。）、特定中型自動車、大型自動車並びに大型特殊自動車 終日,,,"[[34.8172646506367, 135.703771061782], [34.8172101794885, 135.704145923628], [34.8169421584158, 135.704839873169], [34.8167966776952, 135.705221614271], [34.8167966917281, 135.705216214381]]"
通禁（３ｔ）,最大積載量3000キログラム以上の準中型貨物自動車及び中型貨物自動車（特定中型貨物自動車を除く。）、特定中型貨物自動車、大型貨物自動車並びに大型特殊自動車 終日,,,"[[34.8036066940836, 135.663110140954], [34.8036420864479, 135.663109997578], [34.8039389861173, 135.662879500189], [34.8043609899689, 135.662562731769], [34.8050564135631, 135.662027443019], [34.8058884170906, 135.661390469959], [34.8063926132178, 135.661011282725], [34.8065913031949, 135.660862617795], [34.8072073265384, 135.660418143889], [34.8072068262852, 135.660419785377]]"
通禁（３ｔ）,最大積載量3000キログラム以上の準中型貨物自動車及び中型貨物自動車（特定中型貨物自動車を除く。）、特定中型貨物自動車、大型貨物自動車並びに大型特殊自動車 終日,,,"[[34.800948715869, 135.664894040399], [34.8008986311579, 135.664793631506]]"
通禁（３ｔ）,最大積載量3000キログラム以上の準中型貨物自動車及び中型貨物自動車（特定中型貨物自動車を除く。）、特定中型貨物自動車、大型貨物自動車並びに大型特殊自動車 終日,,,"[[34.8553573744615, 135.676035631226], [34.8551833838273, 135.676536666526], [34.8551042996046, 135.676739036147], [34.8547404312597, 135.676970268345], [34.8545110437062, 135.677355705068], [34.8541551401003, 135.678020559868], [34.8540048679504, 135.678232540702], [34.8536963394236, 135.678290345135], [34.8534115486046, 135.678251797855], [34.8527470357648, 135.67801094677], [34.8526046564042, 135.677943484496], [34.8521300356702, 135.678107311593], [34.8518373459254, 135.678088042163], [34.8515921238549, 135.678078409608], [34.8515288693275, 135.678232589803], [34.8515130624864, 135.678473454616]]"
通禁（３ｔ）,最大積載量3000キログラム以上の準中型貨物自動車及び中型貨物自動車（特定中型貨物自動車を除く。）、特定中型自動車、大型自動車並びに大型特殊自動車 終日,,,"[[34.805966619808, 135.710488555902], [34.8061460094358, 135.710683133446], [34.8061469873504, 135.711095195712], [34.8061481693467, 135.711594037869], [34.8060415240914, 135.711876345458], [34.8074215283008, 135.712977701881], [34.8077447637807, 135.713497107588], [34.8081031055153, 135.71373445139], [34.8084251662233, 135.713755029558], [34.8087647042037, 135.713602046228], [34.8093907148902, 135.713578208736], [34.8105173036125, 135.713400807305], [34.8112513116788, 135.713636867758], [34.8135425657968, 135.714258028834]]"
通禁（３ｔ）,最大積載量3000キログラム以上の準中型貨物自動車及び中型貨物自動車（特定中型貨物自動車を除く。）、特定中型自動車、大型自動車並びに大型特殊自動車 終日,,,"[[34.8012086924467, 135.700273005302], [34.8015186965982, 135.700379758154], [34.8017173727104, 135.700455808291], [34.8017885627753, 135.700496087636], [34.8019792374871, 135.700791018316], [34.8021103470446, 135.700874558201], [34.8023853451024, 135.701010510937], [34.8025830138733, 135.701109812832], [34.8026069502987, 135.701162229815], [34.8026202217522, 135.701269854583], [34.8027097703397, 135.701574124694], [34.8027447121328, 135.701696087425], [34.8027895622233, 135.701844364634], [34.8028417502641, 135.701933467933], [34.8029079669804, 135.701993624838], [34.8030392978642, 135.702116554906], [34.8030795536005, 135.702188630108], [34.8031230813519, 135.702279076346], [34.8032341626755, 135.702501282588], [34.8033211620503, 135.702651945781], [34.8033561414887, 135.702749067709], [34.8034199484099, 135.702941836492], [34.8034657623181, 135.703075598024], [34.803513049967, 135.70314434816], [34.8036857104797, 135.703340685797], [34.8037542235667, 135.703426191459], [34.8038308086345, 135.703524390017], [34.8039170092112, 135.703565449674], [34.8041039044362, 135.70360219431], [34.8041282528695, 135.703598173058], [34.8041592248786, 135.70362665346], [34.8041970683739, 135.703823462655], [34.8042364584545, 135.703992692168], [34.8042073945485, 135.704059747809], [34.8041248250005, 135.704174273328], [34.8040683402118, 135.704328083715]]"
通禁（３ｔ）,最大積載量3000キログラム以上の準中型貨物自動車及び中型貨物自動車（特定中型貨物自動車を除く。）、特定中型自動車、大型自動車並びに大型特殊自動車 終日,,,"[[34.802542523551, 135.698424086042], [34.802866046882, 135.698422915581], [34.8030038856321, 135.698489182355], [34.8030247443036, 135.69857256102], [34.8028136348204, 135.699499645346], [34.8027051103226, 135.700159317328], [34.802431855352, 135.701011513465], [34.8022609451866, 135.701496147526], [34.8020220090864, 135.702314835577], [34.8020155979, 135.702506802906], [34.8020848408867, 135.70267345118], [34.802429767633, 135.702980996248], [34.8040439004515, 135.704368914521], [34.8028969888314, 135.69842042111], [34.8030090096261, 135.698483305859], [34.8030315849834, 135.698564590873], [34.8028026924214, 135.699496657462], [34.8026852496329, 135.700265585805], [34.8022335418006, 135.701578168994], [34.8020782371542, 135.702112143727], [34.802034192098, 135.70240162225], [34.8020196335596, 135.702546329291], [34.8020944898869, 135.70266359165], [34.8038208755948, 135.70417634867], [34.8040525628828, 135.704383474183]]"
通禁（３ｔ）,最大積載量3000キログラム以上の準中型貨物自動車及び中型貨物自動車（特定中型貨物自動車を除く。）、特定中型自動車、大型自動車並びに大型特殊自動車 終日,,,"[[34.809889092022, 135.704382416982], [34.8102381410058, 135.704417004911], [34.8109445575784, 135.704492797544], [34.8115764771234, 135.704561915389], [34.8117018365556, 135.7045800729], [34.8117759861517, 135.704573600963], [34.8120438688145, 135.704523932649], [34.8121704386504, 135.704509524705], [34.8128494510677, 135.704500136727], [34.8129414593994, 135.704478877946], [34.8132516173338, 135.704233568336], [34.8133953335142, 135.704163320857], [34.8134787339143, 135.704135151393], [34.8137115137916, 135.704022679049], [34.8137603266681, 135.703980652495], [34.8138002420132, 135.703827013926], [34.8138631966879, 135.703687240321], [34.8139262707271, 135.703589329786], [34.8140325233046, 135.703505234191], [34.8141387921579, 135.703431587879], [34.8142365443905, 135.703399835644], [34.8143918741247, 135.703367921517], [34.8145270885121, 135.703356989227], [34.8146220236929, 135.703353152537], [34.8146220848343, 135.703352343457]]"
通禁（３ｔ）,最大積載量3000キログラム以上の準中型貨物自動車及び中型貨物自動車（特定中型貨物自動車を除く。）、特定中型自動車、大型自動車並びに大型特殊自動車 終日,,,"[[34.7850772903921, 135.676892168235], [34.7851222786032, 135.677019004063]]"
通禁（３ｔ）,最大積載量3000キログラム以上の準中型貨物自動車及び中型貨物自動車（特定中型貨物自動車を除く。）、特定中型自動車、大型自動車並びに大型特殊自動車 終日,,,"[[34.7658584917461, 135.685018193336], [34.7660858905703, 135.685026409538], [34.7662082691289, 135.685001726682], [34.7664401138555, 135.684797984117], [34.7669261584783, 135.684317798918], [34.7671224943178, 135.684146732556], [34.7673694217345, 135.683975473091], [34.7676725946715, 135.68377690631], [34.7678045137728, 135.68369805483], [34.7679645413963, 135.683619096133], [34.7680431000706, 135.683560897789], [34.7681861539057, 135.683444521577], [34.768323653382, 135.683355444472], [34.7684106852007, 135.683314222748], [34.7685707923175, 135.683269346862], [34.7688461206908, 135.683189991003], [34.7690455335339, 135.683124503221], [34.769267465003, 135.683075960668], [34.7694135353785, 135.68303793252], [34.7694950765216, 135.683013849735], [34.7695541418963, 135.683027247474], [34.76990530343, 135.682947557065], [34.7705852036398, 135.682808712001], [34.7707987776447, 135.682760276468], [34.7710599961297, 135.682684336038], [34.7712930705627, 135.68259147076], [34.7715289307624, 135.682491788151], [34.7716805545998, 135.682423070916], [34.7717675322228, 135.682364836953], [34.7718208565022, 135.682327150027], [34.7719078882563, 135.682268948435], [34.7719640071576, 135.682231261631], [34.7720454576932, 135.682203714611], [34.7720875757192, 135.682189919371], [34.7721648619524, 135.68214884128], [34.7723459556079, 135.682069784487], [34.772497588054, 135.682007882957], [34.7726155895306, 135.68197849147], [34.7728895364381, 135.681912767753], [34.773010305775, 135.681869720037], [34.7731169448231, 135.681804592112], [34.7732081323942, 135.681736125462], [34.7732320201037, 135.681721591109], [34.7732994505973, 135.68167967574], [34.7733654580997, 135.681665799504], [34.7734420421857, 135.681656121691], [34.7734856394055, 135.681659822282]]"
通禁（３ｔ）,最大積載量3000キログラム以上の準中型貨物自動車及び中型貨物自動車（特定中型貨物自動車を除く。）、特定中型自動車、大型自動車並びに大型特殊自動車 終日,,,"[[34.7679729754906, 135.667201571604], [34.7684758544895, 135.668102706521], [34.7688967205418, 135.668858422148], [34.7696067914606, 135.670098579957]]"
通禁（３ｔ）,最大積載量3000キログラム以上の準中型貨物自動車及び中型貨物自動車（特定中型貨物自動車を除く。）、特定中型自動車、大型自動車並びに大型特殊自動車 終日,,,"[[34.7886982253865, 135.688651994244], [34.7885891468762, 135.688339543799], [34.7884999599161, 135.688106569799], [34.788394353958, 135.687865691587], [34.7883212007971, 135.687680770964], [34.788239814203, 135.687291314195], [34.7881435308439, 135.686848239728], [34.7881054176211, 135.686677438227], [34.7879391395674, 135.685815037092], [34.7878128809452, 135.685189191352], [34.7875964931987, 135.685251655302], [34.7870868101425, 135.685414733358], [34.7864361158774, 135.685633972022]]"
通禁（３ｔ）,最大積載量3000キログラム以上の準中型貨物自動車及び中型貨物自動車（特定中型貨物自動車を除く。）、特定中型自動車、大型自動車並びに大型特殊自動車 終日,,,"[[34.7863318025915, 135.689096179187], [34.7864605743058, 135.688518984879], [34.7865157672442, 135.688273916207], [34.7865441013867, 135.687925830318], [34.786561914371, 135.687616476055], [34.7865800749484, 135.687439194468], [34.7866407172709, 135.687245659088], [34.7866776815654, 135.687152084465], [34.7866828760806, 135.687103735071], [34.7866826222048, 135.686991013422], [34.7866205708554, 135.686636840433], [34.7864537433001, 135.68584810613], [34.7863730897968, 135.685500442907], [34.7862952399599, 135.685191494761], [34.786222988924, 135.685004896418], [34.7861320474288, 135.684786145869], [34.7859930886143, 135.684496720287], [34.7858673981199, 135.684210459672], [34.7856428187758, 135.683694242253], [34.78557083062, 135.683602743348], [34.7855254893686, 135.683538470653], [34.7854330957774, 135.683261810797], [34.7853902536258, 135.683139552273], [34.7853234522287, 135.68300448089], [34.7853034353529, 135.682954677281], [34.7851514517362, 135.682774837101], [34.7850688048003, 135.682672071143], [34.7850274211931, 135.682604571785], [34.7849859035453, 135.682482309096], [34.7849443268176, 135.682337483418], [34.7849160757726, 135.682207117411], [34.7848529332407, 135.681937582402], [34.7847953531028, 135.681775084672], [34.7847405210715, 135.681632768858], [34.784638898024, 135.681396358448], [34.7845707302581, 135.681229159948], [34.7844757160073, 135.680983066102], [34.7843712714792, 135.680685446928], [34.7843726397319, 135.680684676822]]"
通禁（３ｔ）,最大積載量3000キログラム以上の準中型貨物自動車及び中型貨物自動車（特定中型貨物自動車を除く。）、特定中型自動車、大型自動車並びに大型特殊自動車 終日,,,"[[34.7905353391999, 135.69659404686], [34.7905528729079, 135.696470907504]]"
通禁（３ｔ）,最大積載量3000キログラム以上の準中型貨物自動車及び中型貨物自動車（特定中型貨物自動車を除く。）、特定中型自動車、大型自動車並びに大型特殊自動車 終日,,,"[[34.7682754406721, 135.677601304325], [34.768467291114, 135.67742578093], [34.7686333458545, 135.677279459593], [34.76877535777, 135.677133263735], [34.7688914427791, 135.676980427592], [34.7689577194978, 135.676868106779], [34.7690570315254, 135.676659314152], [34.7691286968732, 135.676488722349], [34.7692886178363, 135.676108308879], [34.7694227481986, 135.675782846749], [34.7695513543702, 135.675468602877], [34.7696270498561, 135.675403383027], [34.7697950155465, 135.67528169453], [34.7699094986525, 135.675218508001], [34.7704080406823, 135.674912964396], [34.7709010677927, 135.674621979545], [34.7711374303793, 135.674483282534], [34.7711384131817, 135.674483344237]]"
通禁（３ｔ）,最大積載量3000キログラム以上の準中型貨物自動車及び中型貨物自動車（特定中型貨物自動車を除く。）、特定中型自動車、大型自動車並びに大型特殊自動車 終日,,,"[[34.7670059367658, 135.674608862309], [34.7675134796495, 135.674720460002], [34.7679189658706, 135.674809079168], [34.7684610535183, 135.674933970404], [34.7689163719972, 135.675102571944], [34.7691151111802, 135.675202018295], [34.7695581998301, 135.675415810454], [34.7698813003464, 135.675630017475], [34.7700678590579, 135.675809688877], [34.7702835519024, 135.676059416661], [34.7707565441871, 135.676631418419], [34.7712335215415, 135.677170756913], [34.7715363749584, 135.677517920008], [34.7717892510411, 135.677757483439], [34.7722535131407, 135.678181636985], [34.7728798183052, 135.678878349025], [34.7730042965139, 135.679038226017], [34.7732203792344, 135.679438287175], [34.7732661727074, 135.67955337011], [34.7732747128831, 135.679653574692], [34.7732872892231, 135.679718661508], [34.7732874125502, 135.679717568526]]"
通禁（３ｔ）,最大積載量3000キログラム以上の準中型貨物自動車及び中型貨物自動車（特定中型貨物自動車を除く。）、特定中型自動車、大型自動車並びに大型特殊自動車 終日,,,"[[34.7731345335213, 135.671040939139], [34.7729796327638, 135.671099367376], [34.7726334173854, 135.670977894399], [34.7720839814414, 135.670647640822], [34.7718452937999, 135.670605235275], [34.7716011990507, 135.67075071687], [34.7709524276646, 135.671186870393], [34.7705466726989, 135.671130659742], [34.7704993073565, 135.671217568143], [34.770416007033, 135.671297386191], [34.7700002782135, 135.671877122808], [34.7697621939691, 135.672058733863], [34.7691961042327, 135.672183798154], [34.7690588568985, 135.672155431564], [34.7684080703426, 135.671840043792]]"
通禁（３ｔ）,最大積載量3000キログラム以上の準中型貨物自動車及び中型貨物自動車（特定中型貨物自動車を除く。）、特定中型自動車、大型自動車並びに大型特殊自動車 終日,,,"[[34.7696628703673, 135.670204349461], [34.7699984368224, 135.670817254217], [34.7700226644479, 135.670976135421], [34.7700228784896, 135.6710556231], [34.7699105261922, 135.671381253111], [34.7699351220175, 135.671677413236], [34.7700318500921, 135.672139520217], [34.7702479199563, 135.672673409847], [34.7705355499331, 135.673214252924], [34.770763237745, 135.673618032675], [34.7711590773117, 135.674440274328], [34.7723054723188, 135.677239629631]]"
通禁（３ｔ）,最大積載量3000キログラム以上の準中型貨物自動車及び中型貨物自動車（特定中型貨物自動車を除く。）、特定中型自動車、大型自動車並びに大型特殊自動車 終日,,,"[[34.7701392355194, 135.66959581042], [34.7702110905023, 135.669711153011], [34.7703005184045, 135.669710798091], [34.7703839664407, 135.669739373925], [34.7706587769289, 135.669911704175], [34.7711425542427, 135.670177161139], [34.7717876524564, 135.670572054882]]"
通禁（３ｔ）,最大積載量3000キログラム以上の準中型貨物自動車及び中型貨物自動車（特定中型貨物自動車を除く。）、特定中型自動車、大型自動車並びに大型特殊自動車 終日,,,"[[34.7691574582188, 135.670792828206], [34.7697836309557, 135.670804818785], [34.7705536332116, 135.671090822176]]"
通禁（３ｔ）,最大積載量3000キログラム以上の準中型貨物自動車及び中型貨物自動車（特定中型貨物自動車を除く。）、特定中型自動車、大型自動車並びに大型特殊自動車 終日,,,"[[34.7778335011661, 135.676673411069], [34.7786081986949, 135.678369224773], [34.7787842157169, 135.678774502861], [34.7791427417266, 135.679587093004], [34.7794292237464, 135.680218214861], [34.7795355597102, 135.680469986294], [34.7793922719755, 135.680749801495], [34.7793803570549, 135.681087303197]]"
通禁（３ｔ）,最大積載量3000キログラム以上の準中型貨物自動車及び中型貨物自動車（特定中型貨物自動車を除く。）、特定中型自動車、大型自動車並びに大型特殊自動車 終日,,,"[[34.7811646728673, 135.677762070838], [34.781559299411, 135.678645635741], [34.7816845965034, 135.678914284646], [34.7818270624846, 135.679232636793], [34.7818285613894, 135.6792369687]]"
通禁（３ｔ）,最大積載量3000キログラム以上の準中型貨物自動車及び中型貨物自動車（特定中型貨物自動車を除く。）、特定中型自動車、大型自動車並びに大型特殊自動車 終日,,,"[[34.7806374151712, 135.678106227498], [34.780821546137, 135.678521677082], [34.7810303873402, 135.678965047504], [34.7812751478346, 135.679478776804], [34.7813282183814, 135.679598191303]]"
通禁（３ｔ）,最大積載量3000キログラム以上の準中型貨物自動車及び中型貨物自動車（特定中型貨物自動車を除く。）、特定中型自動車、大型自動車並びに大型特殊自動車 終日,,,"[[34.7794573762502, 135.678891488144], [34.7795744810548, 135.679362640946], [34.7796984867753, 135.679819084062], [34.7797401590062, 135.679885986885]]"
通禁（３ｔ）,最大積載量3000キログラム以上の準中型貨物自動車及び中型貨物自動車（特定中型貨物自動車を除く。）、特定中型自動車、大型自動車並びに大型特殊自動車 終日,,,"[[34.7793845132806, 135.678937778067], [34.7794725141359, 135.679335893989], [34.7795603486931, 135.679671427929], [34.7796424167727, 135.679881872378], [34.7796751534006, 135.679934431085]]"
通禁（３ｔ）,最大積載量3000キログラム以上の準中型貨物自動車及び中型貨物自動車（特定中型貨物自動車を除く。）、特定中型自動車、大型自動車並びに大型特殊自動車 終日,,,"[[34.7802051488705, 135.678270422987], [34.7802190659429, 135.678177727974], [34.7806551910506, 135.677704267166], [34.7807469148819, 135.677597547122], [34.7808865889839, 135.677405789407], [34.7810092222113, 135.677213179373], [34.7811007497224, 135.677036128031], [34.7811402559577, 135.676986217402], [34.7814437585222, 135.676638594444], [34.7815200405945, 135.676579974476], [34.7817462342915, 135.676477875782], [34.7817462704674, 135.676477919346]]"
通禁（３ｔ）,最大積載量3000キログラム以上の準中型貨物自動車及び中型貨物自動車（特定中型貨物自動車を除く。）、特定中型自動車、大型自動車並びに大型特殊自動車 終日,,,"[[34.7802625210421, 135.675463757915], [34.7802161802878, 135.675881189974], [34.7802287851284, 135.676030640814], [34.7803699693389, 135.676623098855], [34.7805529126676, 135.677353086352]]"
通禁（３ｔ）,最大積載量3000キログラム以上の準中型貨物自動車及び中型貨物自動車（特定中型貨物自動車を除く。）、特定中型自動車、大型自動車並びに大型特殊自動車 終日,,,"[[34.7800268758944, 135.677861476969], [34.7797973997671, 135.676941409536], [34.7796193252594, 135.676192399241], [34.7795092222016, 135.675728172082]]"
通禁（３ｔ）,最大積載量3000キログラム以上の準中型貨物自動車及び中型貨物自動車（特定中型貨物自動車を除く。）、特定中型自動車、大型自動車並びに大型特殊自動車 終日,,,"[[34.7788324492246, 135.676073036301], [34.7789746843811, 135.676498097567], [34.7791186660433, 135.676973685368], [34.7792189950716, 135.677313406336], [34.7792773159684, 135.677538624065], [34.7793657619452, 135.677915867969], [34.7793732288384, 135.678012041217], [34.7793733540812, 135.67801507812]]"
通禁（３ｔ）,最大積載量3000キログラム以上の準中型貨物自動車及び中型貨物自動車（特定中型貨物自動車を除く。）、特定中型自動車、大型自動車並びに大型特殊自動車 終日,,,"[[34.7771400469473, 135.67713019566], [34.7778584967857, 135.678734866171], [34.7784400520773, 135.680004801916], [34.7787230352974, 135.680629465466], [34.7790357399611, 135.681347828222]]"
通禁（３ｔ）,最大積載量3000キログラム以上の準中型貨物自動車及び中型貨物自動車（特定中型貨物自動車を除く。）、特定中型自動車、大型自動車並びに大型特殊自動車 終日,,,"[[34.7822921449786, 135.673960877383], [34.7824380304287, 135.674211478488], [34.7826471287839, 135.6745766683], [34.7826718705031, 135.674618790688], [34.7829059950121, 135.674465880054], [34.783177442038, 135.67428965879], [34.7832013726505, 135.67427800512], [34.7833047274662, 135.674267155218], [34.7834509433606, 135.67417027825], [34.7837539284395, 135.673975389374], [34.7841439123529, 135.67372506714]]"
通禁（３ｔ）,最大積載量3000キログラム以上の準中型貨物自動車及び中型貨物自動車（特定中型貨物自動車を除く。）、特定中型自動車、大型自動車並びに大型特殊自動車 終日,,,"[[34.7834235167696, 135.673332803668], [34.7837075169787, 135.673947643231], [34.7837052469428, 135.673944931448]]"
通禁（３ｔ）,最大積載量3000キログラム以上の準中型貨物自動車及び中型貨物自動車（特定中型貨物自動車を除く。）、特定中型自動車、大型自動車並びに大型特殊自動車 終日,,,"[[34.7840079350298, 135.677619398221], [34.7839441666679, 135.67746782256], [34.7838299676588, 135.677186975604], [34.7836409054557, 135.676725621063], [34.7834607386317, 135.676284349365], [34.7833956610017, 135.676125864342], [34.7833406122995, 135.675999496765], [34.7832938464106, 135.675869065276], [34.7832738005138, 135.675812883599], [34.7832520840759, 135.675728638691], [34.7832353646077, 135.675672444113], [34.7832267867316, 135.67556598947], [34.7832314803741, 135.675463493075], [34.7832412360566, 135.675393144066], [34.7832576248758, 135.675318726427], [34.7832773238724, 135.675248327668], [34.7833102426964, 135.675155773302], [34.7833629855746, 135.675043047932], [34.7834223938028, 135.674938327276], [34.783475224241, 135.674861778486], [34.7835215111709, 135.674809347812], [34.7835876705677, 135.674754839925], [34.7836720653239, 135.674696239794], [34.783802797104, 135.674607334365], [34.7838557475219, 135.674568939607], [34.7838938810184, 135.674548773357], [34.7839303977744, 135.674547669091], [34.7839677210172, 135.674561585509], [34.7840565530296, 135.674611478047]]"
通禁（３ｔ）,最大積載量3000キログラム以上の準中型貨物自動車及び中型貨物自動車（特定中型貨物自動車を除く。）、特定中型自動車、大型自動車並びに大型特殊自動車 終日,,,"[[34.7844001159799, 135.677359038001], [34.7850477820279, 135.676867329412], [34.7859085866146, 135.676182943939]]"
通禁（３ｔ）,最大積載量3000キログラム以上の準中型貨物自動車及び中型貨物自動車（特定中型貨物自動車を除く。）、特定中型自動車、大型自動車並びに大型特殊自動車 終日,,,"[[34.7855853236837, 135.675415365312], [34.7856836553158, 135.675754382755], [34.7857469861136, 135.67591880844], [34.7858853096489, 135.676117756914], [34.7860619933108, 135.676438497118], [34.7865402927312, 135.676075111664], [34.7866436403481, 135.67598578715], [34.7867419622289, 135.675951290586], [34.786848616601, 135.675918793773], [34.7869202753139, 135.67590865576], [34.7869636325201, 135.675937069232], [34.7869952974966, 135.676002034358], [34.7873853041109, 135.676787643351], [34.7877486478893, 135.677607777165], [34.7878753115351, 135.678007706556], [34.7880603350915, 135.678598421283], [34.7881303408355, 135.679099840129], [34.788172039108, 135.680466055889], [34.7881220497508, 135.680667034383], [34.7880122412114, 135.681162453534], [34.7879389257668, 135.681544079273], [34.787905604339, 135.681860767586], [34.787826026753, 135.682810610282], [34.7877571390956, 135.683632883171], [34.7876823175274, 135.683777117307], [34.7875878240045, 135.684698240743], [34.7875357028818, 135.68520624945]]"
通禁（３ｔ）,最大積載量3000キログラム以上の準中型貨物自動車及び中型貨物自動車（特定中型貨物自動車を除く。）、特定中型自動車、大型自動車並びに大型特殊自動車 終日,,,"[[34.7893802721924, 135.679170262355], [34.7894170060332, 135.67947017044], [34.7894743299204, 135.680016801131], [34.7894997587262, 135.680578076689], [34.7895247459149, 135.680965131326], [34.7896326006496, 135.680988923737], [34.7898006841407, 135.681143143347], [34.7898807793045, 135.68123479074], [34.789928862101, 135.681302345498], [34.7899572993103, 135.681486153627], [34.7899775335308, 135.6815877], [34.7900101050501, 135.681815081443], [34.7900509724683, 135.682177885859], [34.7900394343232, 135.682347302161], [34.7900161389947, 135.682599045231], [34.7900126091448, 135.682773282741], [34.7899931208043, 135.682957240371], [34.7899931839505, 135.682981454919], [34.7902175411372, 135.683275805787], [34.7910345859633, 135.684238270692], [34.7914510344369, 135.684710963366], [34.7915831714199, 135.684848437059], [34.7916032396596, 135.684887099683]]"
通禁（３ｔ）,最大積載量3000キログラム以上の準中型貨物自動車及び中型貨物自動車（特定中型貨物自動車を除く。）、特定中型自動車、大型自動車並びに大型特殊自動車 終日,,,"[[34.7882559742848, 135.679172959468], [34.788926225461, 135.679157526314], [34.7892337687753, 135.679146063654], [34.7899210152403, 135.6791177799], [34.7901416121097, 135.679114365287], [34.7901903894349, 135.679106474334]]"
通禁（３ｔ）,最大積載量3000キログラム以上の準中型貨物自動車及び中型貨物自動車（特定中型貨物自動車を除く。）、特定中型自動車、大型自動車並びに大型特殊自動車 終日,,,"[[34.7941181325349, 135.670386600125], [34.794144743785, 135.670941455948], [34.7942254616644, 135.672113950555], [34.7942720173128, 135.672743638852], [34.7943655677751, 135.674150356422], [34.7944237667926, 135.674947668263], [34.7944280409716, 135.675147020012], [34.7944731291368, 135.67523294544], [34.7946162022206, 135.675613040931], [34.7946463252893, 135.675699003121], [34.794699596217, 135.676047724945], [34.7947187640204, 135.676224388005], [34.7949361507185, 135.677832250487], [34.795031386959, 135.678507079192], [34.7950505514581, 135.678670192981], [34.7950217534661, 135.679091730167], [34.7949926552203, 135.679399977904], [34.7949633592412, 135.679626659812], [34.7949041572279, 135.679862515342], [34.7948002488165, 135.68015292992], [34.7947039740333, 135.680497691911], [34.7946373655694, 135.680756249658], [34.7946303211019, 135.68090586884], [34.7946573236803, 135.681222959728], [34.7947263471182, 135.681888819802], [34.7947993684579, 135.682654361579], [34.7948376727652, 135.683003123918], [34.7948947593303, 135.6833745785], [34.7949891726004, 135.683741270142], [34.7950571553481, 135.684008366444], [34.7950801469957, 135.684221244271], [34.7950995569017, 135.684481803616]]"
通禁（３ｔ）,最大積載量3000キログラム以上の準中型貨物自動車及び中型貨物自動車（特定中型貨物自動車を除く。）、特定中型自動車、大型自動車並びに大型特殊自動車 終日,,,"[[34.7811516217014, 135.67703967829], [34.7811911580562, 135.677099476294], [34.7814697883563, 135.677464300086]]"
通禁（３ｔ）,最大積載量3000キログラム以上の準中型貨物自動車及び中型貨物自動車（特定中型貨物自動車を除く。）、特定中型自動車、大型自動車並びに大型特殊自動車 終日,,,"[[34.7924220469454, 135.701320669664], [34.7924995572252, 135.701239373731], [34.7927534348137, 135.700851577503], [34.793098319355, 135.700317576934], [34.7932668740502, 135.70005376363], [34.7933172090961, 135.699879261991], [34.7936526996791, 135.698676601894], [34.7940219557855, 135.697451593928], [34.7942009910107, 135.696873263546], [34.7943828114783, 135.696264204256], [34.794461363609, 135.696099847007], [34.7947869485872, 135.695493614743], [34.7949132186104, 135.695240215933], [34.7951459147681, 135.694668587689], [34.79521861541, 135.694425622424], [34.7953024307211, 135.694114261544], [34.7953633981894, 135.69368674289], [34.7954106514809, 135.693416538814], [34.7954582572264, 135.693247231388]]"
通禁（３ｔ）,最大積載量3000キログラム以上の準中型貨物自動車及び中型貨物自動車（特定中型貨物自動車を除く。）、特定中型自動車、大型自動車並びに大型特殊自動車 終日,,,"[[34.8108072259903, 135.639359526069], [34.8109678179923, 135.638996943247], [34.8109609092572, 135.638922746465], [34.8109117892822, 135.638643530064]]"
通禁（３ｔ）,最大積載量3000キログラム以上の準中型貨物自動車及び中型貨物自動車（特定中型貨物自動車を除く。）、特定中型自動車、大型自動車並びに大型特殊自動車 終日,,,"[[34.8083265471818, 135.641031262277], [34.8085632600898, 135.639571573039], [34.808833384665, 135.637966844072]]"
通禁（３ｔ）,最大積載量3000キログラム以上の準中型貨物自動車及び中型貨物自動車（特定中型貨物自動車を除く。）、特定中型自動車、大型自動車並びに大型特殊自動車 終日,,,"[[34.8400264718529, 135.672403735486], [34.8402153733973, 135.672397030383], [34.8405461951567, 135.672384724107], [34.8410924799063, 135.67236734605], [34.8410941116866, 135.672367394274]]"
通禁（３ｔ）,最大積載量3000キログラム以上の準中型貨物自動車及び中型貨物自動車（特定中型貨物自動車を除く。）、特定中型自動車、大型自動車並びに大型特殊自動車 終日,,,"[[34.8397593565585, 135.674363263729], [34.8400742140154, 135.67435698695], [34.8402020128297, 135.674352702014], [34.8404358627876, 135.674339242547], [34.8406042058574, 135.674333540945], [34.8409087133881, 135.674323576111]]"
通禁（３ｔ）,最大積載量3000キログラム以上の準中型貨物自動車及び中型貨物自動車（特定中型貨物自動車を除く。）、特定中型自動車、大型自動車並びに大型特殊自動車 終日,,,"[[34.8010765052116, 135.705653549089], [34.8019816358213, 135.702657535398]]"
通禁（３ｔ）,最大積載量3000キログラム以上の準中型貨物自動車及び中型貨物自動車（特定中型貨物自動車を除く。）、特定中型自動車、大型自動車並びに大型特殊自動車 終日,,,"[[34.8336411048164, 135.65695872208], [34.8335351733812, 135.656971524909], [34.8334435071065, 135.656979327055]]"
通禁（軽車）,特定小型原動機付自転車・軽車両 終日,,,"[[34.7997307511779, 135.629392630878], [34.8001557139302, 135.630162879092], [34.8003650900603, 135.630508331379], [34.8005979159158, 135.63073823978], [34.8008483871241, 135.630888661881], [34.8012954359472, 135.631095965014], [34.8023204988552, 135.631509988217], [34.8031191518609, 135.631845650723]]"
通禁（軽車）,特定小型原動機付自転車・軽車両 終日,,,"[[34.8486627155886, 135.668579993928], [34.8479397648579, 135.670619958274]]"
通禁（軽車）,特定小型原動機付自転車・軽車両 終日,,,"[[34.8332278089077, 135.682404400083], [34.8332277914487, 135.682397731012], [34.8327706680495, 135.68241280908], [34.8326526146644, 135.682414933943], [34.8321049678669, 135.682445391143], [34.8315587089394, 135.682479177104], [34.8312019100043, 135.682507284731], [34.8299185221379, 135.6825655818], [34.8291670534676, 135.682608481893]]"
通禁（軽車）,特定小型原動機付自転車・軽車両 終日,,,"[[34.8525337023605, 135.67460404845], [34.8520050782196, 135.674346635117], [34.8516440119241, 135.674175120366], [34.851269216649, 135.673996990505], [34.8509273571742, 135.673837038435], [34.8502793640797, 135.673523646213], [34.8500967765155, 135.673432935726]]"
通禁（軽車）,特定小型原動機付自転車・軽車両 終日,,,"[[34.7971249844989, 135.627782016529], [34.7960873814122, 135.627601431935], [34.7957675106502, 135.627462536557], [34.7954658910317, 135.627239380161], [34.7951962439609, 135.626870168492], [34.7950749573211, 135.626567647375], [34.7949857687997, 135.626169547384], [34.7949096743802, 135.625507625937], [34.7948237516053, 135.62466052767], [34.7947615429473, 135.623984558456]]"
通禁（軽車）,特定小型原動機付自転車・自転車 終日,,,"[[34.8208491167258, 135.682209311159], [34.8208353388246, 135.683545236555], [34.8208468824968, 135.684427622287], [34.8208438135001, 135.685271899237], [34.8208444848548, 135.685581923581], [34.8208336553549, 135.685751351245], [34.8208051608856, 135.685901003556], [34.8207719446352, 135.686044934332], [34.8207353114061, 135.686143619742], [34.8206835686791, 135.686236306123], [34.8206096625134, 135.686376932655], [34.8205038710827, 135.686520031925], [34.8203960242193, 135.68665738181], [34.8201390299502, 135.686960829624]]"
通禁（軽車）,特定小型原動機付自転車・自転車 終日,,,"[[34.8149029916978, 135.711814014021], [34.8148457563038, 135.712219976075], [34.8147982104312, 135.712625925883], [34.8147118722243, 135.713031986955], [34.8145962518741, 135.713361719574], [34.8144079222132, 135.713709321371], [34.8142096416261, 135.71395111304], [34.813986966912, 135.714128299047], [34.8138077803169, 135.714240636161], [34.8137302219273, 135.714258544165], [34.8137327054774, 135.714252775188]]"
通禁（軽車）,特定小型原動機付自転車・軽車両 終日,,,"[[34.7904736657484, 135.669930864055], [34.7909357716964, 135.670149419869], [34.7916028190286, 135.670485895757], [34.7925954382233, 135.670984274888], [34.7935381229938, 135.671443118354], [34.7941051627865, 135.671652338673]]"
通禁（軽車）,特定小型原動機付自転車・軽車両 終日,,,"[[34.8014546885853, 135.706700288307], [34.8129431306871, 135.715834716362]]"
通禁（軽車）,特定小型原動機付自転車・軽車両 終日,,,"[[34.7947084245222, 135.699414621169], [34.7957248547093, 135.70052411555], [34.7988178489219, 135.704684019286]]"
通禁（軽車）,特定小型原動機付自転車・軽車両 終日,,,"[[34.7951170232864, 135.699226737431], [34.7989212297172, 135.704041821007]]"
通禁（軽車）,特定小型原動機付自転車・軽車両 終日,,,"[[34.7818187424959, 135.675423241479], [34.7833541889852, 135.679614875428], [34.7862386963422, 135.688219063601]]"
通禁（軽車）,特定小型原動機付自転車・軽車両 終日,,,"[[34.7817459090542, 135.675750326569], [34.786048521656, 135.688417990216]]"
通禁（軽車）,特定小型原動機付自転車・軽車両 終日,,,"[[34.7766063254022, 135.665712986387], [34.7783773321763, 135.667888413359], [34.7798566810348, 135.670287699502]]"
通禁（軽車）,特定小型原動機付自転車・軽車両 終日,,,"[[34.7762929030681, 135.665874500789], [34.7795902483652, 135.670226388596]]"
通禁（軽車）,特定小型原動機付自転車・軽車両 終日,,,"[[34.7726545047444, 135.661518700789], [34.7748810185524, 135.664168086222]]"
通禁（軽車）,特定小型原動機付自転車・軽車両 終日,,,"[[34.7720063924088, 135.66022824597], [34.7721008276343, 135.660339345525]]"
通禁（軽車）,特定小型原動機付自転車・軽車両 終日,,,"[[34.8019847176224, 135.706380434218], [34.8063099796269, 135.709791891104], [34.8128106802562, 135.715264069325]]"
通禁（軽車）,特定小型原動機付自転車・軽車両 終日,,,"[[34.7727528493822, 135.661203811922], [34.7749898054041, 135.663815617651]]"
通禁（バス専）,普通乗用自動車、準中型乗用自動車及び特定中型自動車以外の中型乗用自動車（タクシーを除く。） 午前７時から午前８時３０分まで（日曜、休日、１月２日及び１月３日を除く。）,700.0,830.0,"[[34.8163350188492, 135.649833263911], [34.8164938706607, 135.65014959232], [34.8166052246844, 135.650347654952], [34.8168338727915, 135.650587433738], [34.8180948237162, 135.651814850238], [34.8185999202913, 135.652289768162], [34.8191457090677, 135.652851510318], [34.8192969192073, 135.65301804725], [34.8193185398957, 135.653512805405], [34.8193953441195, 135.654954750303], [34.8194306089066, 135.655726981813], [34.8194980522253, 135.65713604106], [34.8195162589384, 135.657727790024], [34.8195562105274, 135.658202410798], [34.8195675173674, 135.658306011839], [34.8196542681284, 135.658722026136], [34.8196960730859, 135.658882315624], [34.8201583088446, 135.660492013002], [34.8202529997044, 135.660832672578], [34.8204451580225, 135.661478995012], [34.8207626447695, 135.662611184547], [34.8209853567799, 135.663382633091], [34.821063380831, 135.663649911168], [34.8217313456087, 135.66586162759], [34.8228162258725, 135.669479920894], [34.8232667507117, 135.670894440806], [34.8237130562991, 135.672461362197], [34.8243185525107, 135.674405684778], [34.8246753967635, 135.675611807783], [34.8259192530878, 135.679610689969], [34.826444979986, 135.68135225557], [34.826623193346, 135.681887642863], [34.8267412776962, 135.682553046611], [34.8267838343157, 135.682823741108], [34.8268042249654, 135.683010000031]]"
通禁（歩行者等用）,車両（路外駐車場の出入車を除く。） 終日,,,"[[34.8163535405378, 135.647347303713], [34.8162671608256, 135.647346916361], [34.8156065155748, 135.647626679263], [34.8154724198942, 135.64767542701], [34.8153466278073, 135.647679234401]]"
通禁（歩行者等用）,車両 終日,,,"[[34.8139441554064, 135.651425978069], [34.8143838875375, 135.65110858958], [34.8148350022724, 135.650633366288], [34.8154217727637, 135.650014199595]]"
通禁（自転車等歩行者用）,車両（特定小型原動機付自転車・自転車を除く。） 終日,,,"[[34.8159099765053, 135.648157443236], [34.8157733603839, 135.648040898715], [34.8156836954635, 135.647937316248], [34.8155701437051, 135.64766971042], [34.8155244658876, 135.647452207923]]"
通禁（自転車等歩行者用）,車両（特定小型原動機付自転車・自転車を除く） 午前７時３０分から午前８時３０分まで、午後２時３０分から午後４時３０分まで（土・日曜、休日、１月２日及び１月３日を除く）,730.0,830.0,"[[34.8231008658249, 135.670532850674], [34.8229892547473, 135.670546838242], [34.8226386200179, 135.670529275059], [34.8222053594469, 135.67050661806], [34.8215845522491, 135.670476660505], [34.8212450939777, 135.670461764478], [34.8209659074011, 135.670419617631], [34.8209670523336, 135.670419634947]]"
通禁（自転車等歩行者用）,車両（特定小型原動機付自転車・自転車を除く。） 午前８時から午前９時まで（土曜、日曜及び休日を除く。）,800.0,900.0,"[[34.823316400626, 135.670953434941], [34.8237830927001, 135.6706737197], [34.8238553894375, 135.670632777349], [34.8241788852483, 135.670501830474], [34.8244724431008, 135.670387727302], [34.824587014801, 135.670365113156]]"
通禁（自転車等歩行者用）,車両（特定小型原動機付自転車・自転車を除く。） 午前７時３０分から午前８時３０分まで（土曜、日曜及び休日を除く。）,730.0,830.0,"[[34.8470112018719, 135.673759976755], [34.8469497015336, 135.674019450086], [34.846891356525, 135.674328806112], [34.8468319891623, 135.674627252795]]"
通禁（自転車等歩行者用）,車両（特定小型原動機付自転車・自転車を除く。） 午前９時から午後６時まで（日曜、休日、１月２日及び１月３日に限る。）,900.0,1800.0,"[[34.7925009743172, 135.627187546598], [34.7921924786307, 135.62715776703], [34.7921364793646, 135.627054169021], [34.7915152871539, 135.627015403721], [34.7915100002035, 135.627013995766], [34.7914999077876, 135.627015363062]]"
通禁（自転車等歩行者用）,車両（特定小型原動機付自転車・自転車を除く） 午前７時３０分から午前８時３０分まで午後０時３０分から午後４時３０分まで（土曜、日曜、休日、１月２日及び１月３日を除く。）,730.0,830.0,"[[34.7877522630645, 135.646242050957], [34.7884388743746, 135.645483438675], [34.7886318702107, 135.645273928042], [34.7888249221464, 135.645096367937], [34.7902339691249, 135.643767997046], [34.7904521577397, 135.64357057638]]"
通禁（自転車等歩行者用）,車両（特定小型原動機付自転車・自転車を除く） 午前７時３０分から午前８時３０分まで（土曜、日曜、休日、１月２日及び１月３日を除く。）,730.0,830.0,"[[34.7846513532387, 135.644015531067], [34.7848826556521, 135.643959592319], [34.7850139010063, 135.643959031945], [34.78510938308, 135.643967289313], [34.7853263190581, 135.643896955107], [34.7854097053653, 135.643853208054], [34.7855932112391, 135.643757020806], [34.7857337005027, 135.643652308135], [34.7858267011994, 135.643628767281], [34.7859627741623, 135.643648422593], [34.7860845732381, 135.643685512971], [34.7864023437811, 135.643805664313], [34.7865170937666, 135.643883281072], [34.7865338742707, 135.64390634209], [34.7865920446247, 135.643958292574], [34.7867911146872, 135.644059361188]]"
通禁（自転車等歩行者用）,車両（特定小型原動機付自転車・自転車を除く） 午前７時３０分から午前８時３０分まで午後０時３０分から午後４時３０分まで（土曜、日曜、休日、１月２日及び１月３日を除く。）,730.0,830.0,"[[34.7850602691603, 135.645017345863], [34.7852523936661, 135.645005021935], [34.7854396681392, 135.644955337453], [34.7860265545013, 135.64445248944], [34.7862678524132, 135.64421566528], [34.7865305231583, 135.643981644165]]"
通禁（自転車等歩行者用）,車両（特定小型原動機付自転車・自転車を除く） 午前７時３０分から午前８時３０分まで午後０時３０分から午後４時３０分まで（土曜、日曜、休日、１月２日及び１月３日を除く。）,730.0,830.0,"[[34.7852665743439, 135.645450485703], [34.7853244925964, 135.645381224847], [34.7855554095661, 135.645247971778], [34.7854739763238, 135.644979449246]]"
通禁（自転車等歩行者用）,車両（特定小型原動機付自転車・自転車を除く。） 午前8時から午後6時まで,800.0,1800.0,"[[34.8087693309476, 135.639607667322], [34.8089973014212, 135.639653711539], [34.8092934579709, 135.639717090792], [34.8095292143866, 135.6397743488], [34.8098463789739, 135.639869367762], [34.810082175015, 135.639940059383]]"
通禁（自転車等歩行者用）,車両（特定小型原動機付自転車・自転車を除く。） 終日,,,"[[34.8271612095415, 135.68605889148], [34.8273084846828, 135.686023525748], [34.827434030301, 135.685972762048], [34.8277079815813, 135.685863626152], [34.8281430046825, 135.685769676484], [34.8283742031485, 135.685665664225], [34.8284268164768, 135.685610627844], [34.8284708250723, 135.685560849713], [34.8285169826705, 135.68550194574], [34.8288062222395, 135.685339671625]]"
通禁（自転車等歩行者用）,車両（特定小型原動機付自転車・自転車を除く。） 午前７時３０分から午前８時３０分まで（土曜、日曜及び休日を除く。）,730.0,830.0,"[[34.8179647094248, 135.66166982158], [34.817909721004, 135.660695304421], [34.8178640905277, 135.659301753111], [34.8178642442087, 135.659301905515]]"
通禁（自転車等歩行者用）,車両（特定小型原動機付自転車・自転車を除く。） 午前７時３０分から午前８時３０分まで午後４時３０分から午後５時３０分まで,730.0,830.0,"[[34.8157829340539, 135.663924775844], [34.8156820921902, 135.664303908616], [34.8155877236905, 135.664765533434], [34.8155282664715, 135.665153636732]]"
通禁（自転車等歩行者用）,車両（特定小型原動機付自転車・自転車を除く。） 午前７時３０分から午前８時３０分まで午後４時３０分から午後５時３０分まで,730.0,830.0,"[[34.8155096868042, 135.665228018954], [34.8160407381963, 135.665157958728], [34.8168321769427, 135.665048257861], [34.8169283330078, 135.665044811698]]"
通禁（自転車等歩行者用）,車両（特定小型原動機付自転車・自転車を除く。） 午前７時３０分から午前８時３０分まで（日曜及び休日を除く。）,730.0,830.0,"[[34.8175880862385, 135.665522341123], [34.8176572690984, 135.665565873832], [34.8179004540533, 135.665509484906], [34.8180056145856, 135.665493604753], [34.8180756342394, 135.665484031257], [34.8182175021076, 135.665487329255]]"
通禁（自転車等歩行者用）,車両（特定小型原動機付自転車・自転車を除く。） 午前７時３０分から午前８時３０分まで午後４時３０分から午後５時３０分まで（土曜、日曜及び休日を除く。）,730.0,830.0,"[[34.8149394602759, 135.669245460705], [34.8151032854226, 135.669337357934], [34.8155927079694, 135.66966068509], [34.8157370082332, 135.669776512385], [34.8158900773758, 135.669921348247], [34.8159621500999, 135.66996072945], [34.8162219228631, 135.670046968221], [34.8164423899704, 135.670096384688], [34.8165296857577, 135.670101372008], [34.8168415117581, 135.670081615822], [34.8171009189927, 135.670032980648], [34.8173037162702, 135.670018958995], [34.8174498175666, 135.670007797025], [34.8177963843861, 135.669913899181], [34.8178988128869, 135.669884404407], [34.8180754544775, 135.669875765969], [34.8183699035003, 135.669864068279], [34.818369877552, 135.669864472832]]"
通禁（自転車等歩行者用）,車両（特定小型原動機付自転車・自転車を除く。） 午前７時３０分から午前８時３０分まで,730.0,830.0,"[[34.8147446409539, 135.648042173433], [34.8141182545797, 135.647942319855], [34.8137376516143, 135.647876676996], [34.8132328491075, 135.647785962022], [34.8126620408768, 135.647708349218], [34.8125058124531, 135.647584099715], [34.8122757931453, 135.647517810071], [34.8120405275473, 135.647454789326], [34.8119374690438, 135.647445618807], [34.8118661343093, 135.647442718853], [34.8118076721057, 135.647324450314], [34.8117433985164, 135.647023638498], [34.8116898663986, 135.646777257366], [34.8116418766402, 135.646623716395], [34.8115700964969, 135.646470276794], [34.8114294810804, 135.646243526298], [34.8113101092566, 135.646074277317], [34.811214639368, 135.645946560085], [34.8110397989442, 135.645780750846], [34.8108493149278, 135.645685475657], [34.8106932522809, 135.645618876868], [34.8102252761868, 135.645467195185], [34.809815485984, 135.645360047125], [34.8095564012592, 135.645293889257], [34.8092630243597, 135.645231124312], [34.8092418844769, 135.64523121453], [34.8090547398865, 135.645376146235], [34.8090177701662, 135.645379506417], [34.8089754342665, 135.645357269745], [34.8088139212797, 135.645233040908], [34.8085782768129, 135.645037112028], [34.8085358477006, 135.644982840573], [34.8084717471904, 135.644742897782], [34.8084052468219, 135.644579857124], [34.8083945135056, 135.644522248032], [34.8084011309012, 135.64407381156], [34.8084289884876, 135.643650958238], [34.8084940303701, 135.643307973608], [34.8084367261976, 135.64268364361], [34.808452480196, 135.642648348993], [34.8090387725046, 135.642588174587], [34.8093344612468, 135.642522843397], [34.8095745290374, 135.64238418106], [34.809632647759, 135.642383931173], [34.8100949940847, 135.64239795578], [34.8101451512, 135.64238493009], [34.8101824778876, 135.641603247665], [34.8101848644061, 135.641510375499], [34.810148699251, 135.640889146143], [34.8101351530472, 135.640773903362], [34.8101533485014, 135.640661769754], [34.810218947604, 135.640510946511], [34.8103843877245, 135.640173912671], [34.8105051703061, 135.63992356083], [34.8105104750152, 135.639918783276]]"
通禁（自転車等歩行者用）,車両（特定小型原動機付自転車・自転車を除く。） 終日,,,"[[34.8240473641076, 135.658398569994], [34.8240197757458, 135.65752627009], [34.8240081280099, 135.657295831811], [34.823987350414, 135.656587405129], [34.8240190747309, 135.655587231544], [34.8240263119689, 135.655542074986], [34.824128452165, 135.655415213624]]"
通禁（自転車等歩行者用）,車両（特定小型原動機付自転車・自転車を除く。） 午前７時３０分から午前８時３０分まで,730.0,830.0,"[[34.8099370549266, 135.638289147397], [34.809968057352, 135.638149348584], [34.8100217455848, 135.63795636377], [34.8101932744913, 135.637695919264], [34.8103108727951, 135.637513421535], [34.8104246773587, 135.637370965874], [34.8108359045715, 135.637093111818]]"
通禁（自転車等歩行者用）,車両（特定小型原動機付自転車・自転車を除く。） 午前７時３０分から午前８時３０分まで,730.0,830.0,"[[34.8109116878759, 135.638538602019], [34.8109171178185, 135.637717008585], [34.8109198360561, 135.637499361307], [34.8109192772014, 135.637300823468], [34.8109122765099, 135.637214109048], [34.8108913879858, 135.637098619548], [34.8109482955403, 135.636933828158], [34.8110191454655, 135.636739455965], [34.8111538510434, 135.636643685518], [34.8112340074413, 135.636566219501]]"
通禁（自転車等歩行者用）,車両（特定小型原動機付自転車・自転車を除く。） 終日,,,"[[34.8161607522328, 135.659504926461], [34.8161616831034, 135.65983782018], [34.8161619162536, 135.659921286786], [34.8161851427828, 135.660019568876], [34.8161869853119, 135.660095082229], [34.8161862897834, 135.660139802977], [34.8161766583308, 135.660348555055], [34.8161855323142, 135.660430532554], [34.8162103277896, 135.660506454908], [34.8162783629366, 135.660658213458], [34.8163252481365, 135.660719125158], [34.816324682455, 135.66071993635]]"
通禁（自転車等歩行者用）,車両（特定小型原動機付自転車・自転車を除く。） 終日,,,"[[34.8151212581338, 135.662487159444], [34.8153145598488, 135.662465605531], [34.8154473668995, 135.662455468588]]"
通禁（自転車等歩行者用）,車両（特定小型原動機付自転車・自転車を除く。） 終日,,,"[[34.8158451443517, 135.662408751942], [34.8165456509262, 135.662355270339], [34.8165830362022, 135.662375073237]]"
通禁（自転車等歩行者用）,車両（特定小型原動機付自転車・自転車を除く。） 終日,,,"[[34.8202792321674, 135.662235356417], [34.8204046103842, 135.662667738399], [34.8205853424358, 135.66330705738], [34.8206652693536, 135.663584805586], [34.8207147171999, 135.663758337683], [34.820714740445, 135.663756960234]]"
通禁（自転車等歩行者用）,車両（特定小型原動機付自転車・自転車を除く。） 終日,,,"[[34.8015780154208, 135.66078234941], [34.8007964806281, 135.661492515019], [34.8004324462256, 135.661836653888], [34.800143373408, 135.662089383688], [34.7998082270072, 135.662508098245]]"
通禁（自転車等歩行者用）,車両（特定小型原動機付自転車・自転車を除く。） 午前７時から午前９時まで午後０時から午後５時まで（土曜、日曜及び休日を除く。）,700.0,900.0,"[[34.8237251575066, 135.699707683258], [34.8241453636913, 135.699513043857], [34.824249432653, 135.699458052138], [34.824265335381, 135.69941062664], [34.8241895413925, 135.699127326447], [34.8247838715717, 135.698852838717], [34.8252086209371, 135.698651866997], [34.8256334123611, 135.698475457216], [34.8260838101594, 135.698315383497], [34.826082178326, 135.698315334757]]"
通禁（自転車等歩行者用）,車両（特定小型原動機付自転車・自転車を除く。） 終日,,,"[[34.8611242197692, 135.690385803767], [34.8611245820101, 135.69052181026], [34.8613495225002, 135.69078719105], [34.8613760989476, 135.690908620085]]"
通禁（自転車等歩行者用）,車両（特定小型原動機付自転車・自転車を除く。） 午前７時から午前９時まで,700.0,900.0,"[[34.8558986258122, 135.687851490968], [34.85631958876, 135.687950399265], [34.8567665482942, 135.688068130217], [34.8572355098548, 135.688187343559], [34.8576598569642, 135.688300502985]]"
通禁（自転車等歩行者用）,車両（特定小型原動機付自転車・自転車を除く。） 午前７時30分から午前９時まで,730.0,900.0,"[[34.8533703241253, 135.689196052054], [34.8533703241253, 135.689196052054], [34.8534870082388, 135.689141610926], [34.8536966023221, 135.689063809331], [34.8538191198709, 135.689016450738], [34.8540232947273, 135.688911429828], [34.8543280140653, 135.688745441085], [34.8543280140653, 135.688745441085], [34.8544388632306, 135.688678501424], [34.8547480570822, 135.688549508937], [34.8550505291951, 135.68842762702], [34.8553714147495, 135.688288829903], [34.8556994670491, 135.688160948274], [34.8558116651288, 135.688256714178]]"
通禁（自転車等歩行者用）,車両（特定小型原動機付自転車・自転車を除く。） 午前７時から午前９時まで,700.0,900.0,"[[34.8576723895296, 135.687799020416], [34.8570723989865, 135.687764345612], [34.8569172985207, 135.687838802347], [34.8565582813647, 135.687954663831]]"
通禁（自転車等歩行者用）,車両（特定小型原動機付自転車・自転車を除く。） 終日,,,"[[34.856257536782, 135.690726227505], [34.8559020290486, 135.689790055085]]"
通禁（自転車等歩行者用）,車両（特定小型原動機付自転車・自転車を除く。） 終日,,,"[[34.8576615709228, 135.690229585781], [34.8576540246859, 135.690784527911]]"
通禁（自転車等歩行者用）,車両（特定小型原動機付自転車・自転車を除く。） 終日,,,"[[34.8587034488052, 135.691549123165], [34.8586474263545, 135.691248484342], [34.8586655896758, 135.690902500956]]"
通禁（自転車等歩行者用）,車両（特定小型原動機付自転車・自転車を除く。） 終日,,,"[[34.8563562699119, 135.680350289087], [34.8563416412325, 135.681360727385]]"
通禁（自転車等歩行者用）,車両（特定小型原動機付自転車・自転車を除く。） 終日,,,"[[34.8563973864545, 135.678429364912], [34.8563731653235, 135.679195168608]]"
通禁（自転車等歩行者用）,車両（特定小型原動機付自転車・自転車を除く。） 午前７時から午前９時まで,700.0,900.0,"[[34.8553703813911, 135.676375222351], [34.8553148230018, 135.676524068876], [34.8554386676445, 135.677007971764], [34.8554936822458, 135.67721326599], [34.8557411582152, 135.677551745815], [34.8562259648937, 135.678367824456], [34.8563462316017, 135.678375615427]]"
通禁（自転車等歩行者用）,車両（特定小型原動機付自転車・自転車を除く。） 午前７時から午前９時まで,700.0,900.0,"[[34.86000492948, 135.680185135535], [34.8593497468011, 135.680164418703], [34.8590087474375, 135.680144865301], [34.8590126119058, 135.680143734904]]"
通禁（自転車等歩行者用）,車両（特定小型原動機付自転車・自転車を除く。） 午前７時３０分から午前８時３０分まで,730.0,830.0,"[[34.8079278051896, 135.673752519949], [34.8080590469108, 135.673726625905], [34.8081866172085, 135.673746891737], [34.8082800026645, 135.673797294083], [34.8083831366429, 135.673933020071], [34.8084804651395, 135.674031859141], [34.80882899696, 135.674125101089], [34.8088805288378, 135.674166476253], [34.8093246997379, 135.674441622592], [34.8094352519363, 135.674489696562], [34.8095342596984, 135.674505452287], [34.809686430553, 135.674474864437], [34.8102379629342, 135.674306654894], [34.8103844706027, 135.674292232336], [34.8105918609575, 135.674272958607], [34.810820186537, 135.674251296471], [34.8112616758986, 135.674221923523], [34.8114728828335, 135.674207246998]]"
通禁（自転車等歩行者用）,車両（特定小型原動機付自転車・自転車を除く。） 終日,,,"[[34.7996449689456, 135.668920143971], [34.7996006681542, 135.668635367332], [34.7995783302972, 135.668424391919], [34.7995474152024, 135.668258290853], [34.7994176715367, 135.667773315856], [34.7994001195062, 135.667720622638], [34.7994019906698, 135.667607154596], [34.7994190229205, 135.667456742052], [34.7994598015288, 135.667250793854]]"
通禁（自転車等歩行者用）,車両（特定小型原動機付自転車・自転車を除く。） 午前７時３０分から午前９時まで,730.0,900.0,"[[34.828435614519, 135.710874575071], [34.8286615677621, 135.710899321068], [34.8287911115201, 135.710896180875], [34.8293735295613, 135.710862676035], [34.8296973592164, 135.710822341116], [34.8302203629974, 135.710744977901], [34.8311120242499, 135.710618056811], [34.8313562236203, 135.710608220942], [34.8316552249205, 135.710619244506], [34.8319740841197, 135.71060907438], [34.8322804431812, 135.710580821873], [34.8328208292066, 135.710452098524], [34.8341096089965, 135.710569743997], [34.8344487535264, 135.710681929913]]"
通禁（自転車等歩行者用）,車両（特定小型原動機付自転車・自転車を除く。） 午前７時から午前９時まで,700.0,900.0,"[[34.7913153588207, 135.642424538758], [34.7913379395099, 135.642599053644], [34.791739694359, 135.642521308908], [34.7920490720026, 135.642464757158]]"
通禁（自転車等歩行者用）,車両（特定小型原動機付自転車・自転車を除く。） 午前７時から午前９時まで,700.0,900.0,"[[34.7904354151237, 135.642513727914], [34.7904526631639, 135.642335337028], [34.7904759348662, 135.642191626402], [34.7905109349566, 135.64200477774], [34.7905500509728, 135.641875357865], [34.7906027241452, 135.641656119992], [34.790664800807, 135.641431202778], [34.7907001567965, 135.641366424728], [34.7908329613184, 135.64120249632], [34.7909111739136, 135.641107012766], [34.7910396216436, 135.640942293605]]"
通禁（自転車等歩行者用）,車両（特定小型原動機付自転車・自転車を除く。） 午前７時から午前９時まで,700.0,900.0,"[[34.790604229431, 135.64331974956], [34.7905658577488, 135.64273589655], [34.7905585692299, 135.642616761807]]"
通禁（自転車等歩行者用）,車両（特定小型原動機付自転車・自転車を除く。） 午前７時から午前９時まで,700.0,900.0,"[[34.7870476888847, 135.632437359046], [34.7870121187315, 135.631923354153], [34.7868666219796, 135.631824961581], [34.7866177657615, 135.631652949334], [34.7865622877415, 135.631613626664]]"
通禁（自転車等歩行者用）,車両（特定小型原動機付自転車・自転車を除く。） 午前７時３０分から午前８時３０分まで,730.0,830.0,"[[34.8120979781305, 135.651352725551], [34.8125134538232, 135.651023554324], [34.812999890438, 135.650538007627]]"
通禁（自転車等歩行者用）,車両（特定小型原動機付自転車・自転車を除く。） 午前８時から午後６時まで（日曜、休日、１月２日及び１月３日に限る。）,800.0,1800.0,"[[34.8172724395134, 135.648022634228], [34.8176797756386, 135.64844515165], [34.8181935106803, 135.6489728285], [34.8184003234669, 135.649179394045], [34.8185130465236, 135.64926698999], [34.8188111724421, 135.649464601762]]"
通禁（自転車等歩行者用）,車両（特定小型原動機付自転車・自転車を除く。） 終日,,,"[[34.8142739566093, 135.643735276765], [34.814271226533, 135.644124592294], [34.8142607753366, 135.644176098244], [34.814193132042, 135.644455784328], [34.8141675268581, 135.644603216147], [34.8141536240533, 135.644775792833], [34.8141540157673, 135.644910226282], [34.8141610607928, 135.645010757469], [34.8141827197954, 135.645167311065], [34.8141719573445, 135.645245215505], [34.8141561132595, 135.6455162302], [34.8141522092112, 135.645667952282], [34.8141621391762, 135.645849412143], [34.8141676182961, 135.645988381996]]"
通禁（自転車等歩行者用）,車両（特定小型原動機付自転車・自転車を除く。） 午前８時から午後５時まで,800.0,1700.0,"[[34.7810423127035, 135.659315000792], [34.781132233468, 135.65943663576], [34.7811512531953, 135.659448926566], [34.7813138130024, 135.659362665985], [34.7814698719501, 135.659285729919], [34.782504873662, 135.659046362447], [34.7825306087836, 135.659051927992], [34.7828315048011, 135.659631602802]]"
通禁（自転車等歩行者用）,車両（特定小型原動機付自転車・自転車を除く。） 午前７時から午後６時まで,700.0,1800.0,"[[34.8018350306775, 135.636346342699], [34.8019026076358, 135.636522522617], [34.802007345716, 135.636534798978], [34.8021526071644, 135.636575795061]]"
通禁（自転車等歩行者用）,車両（特定小型原動機付自転車・自転車を除く。） 午前７時から午前８時３０分まで午後２時３０分から午後４時３０分まで（土曜、日曜及び休日を除く。）,,,"[[34.8007586635307, 135.637745985219], [34.8009289759419, 135.637502614868], [34.8010770134159, 135.637318156664], [34.8013629504186, 135.636947407294], [34.8013634781456, 135.636948712742]]"
通禁（自転車等歩行者用）,車両（特定小型原動機付自転車・自転車を除く。） 午前７時から午前９時まで（日曜及び休日を除く。）,700.0,900.0,"[[34.7995543718616, 135.626895426322], [34.800282276758, 135.626947435464]]"
通禁（自転車等歩行者用）,車両（特定小型原動機付自転車・自転車を除く。） 午前７時から午前９時まで（土曜、日曜、休日、１月２日及び１月３日を除く。）,700.0,900.0,"[[34.7995898554277, 135.626564760366], [34.7998944260645, 135.626537149695], [34.8003049660801, 135.626497907336]]"
通禁（自転車等歩行者用）,車両（特定小型原動機付自転車・自転車を除く。） 終日,,,"[[34.7982667970563, 135.630385583021], [34.7982444924073, 135.630498464959]]"
通禁（自転車等歩行者用）,車両（特定小型原動機付自転車・自転車を除く。） 午前７時から午後６時まで（土曜、日曜及び休日を除く。）,700.0,1800.0,"[[34.7983455543251, 135.635755320346], [34.7982222965953, 135.635822993098], [34.7981533784917, 135.635847500875], [34.7980263430451, 135.63586346482], [34.7977768467789, 135.635899809596], [34.7976371759085, 135.635929084877], [34.7975946008604, 135.635941991537], [34.7974604693918, 135.636015207969], [34.7973879313221, 135.636044135379], [34.7973343614658, 135.636039964951], [34.7973389334819, 135.63604045864]]"
通禁（自転車等歩行者用）,車両（特定小型原動機付自転車・自転車を除く。） 終日,,,"[[34.7988883069286, 135.627755086017], [34.7988474180076, 135.628016856899], [34.7988255650514, 135.628660991961], [34.7988593271265, 135.628994592966]]"
通禁（自転車等歩行者用）,車両（特定小型原動機付自転車・自転車を除く。） 終日,,,"[[34.7973365732883, 135.627126033198], [34.7972736376653, 135.627404678081], [34.7974927235247, 135.627976719842], [34.7974842533669, 135.628255365182]]"
通禁（自転車等歩行者用）,車両（特定小型原動機付自転車・自転車を除く。） 午前７時から午前８時３０分まで（土曜、日曜及び休日を除く。）,700.0,830.0,"[[34.7927067652999, 135.630048291144], [34.792649828021, 135.629902773326], [34.7926263588156, 135.629709286728], [34.7926030840099, 135.629571018496], [34.7925046520671, 135.629195377582], [34.7924912371088, 135.629141825694]]"
通禁（自転車等歩行者用）,車両（特定小型原動機付自転車・自転車を除く。） 終日,,,"[[34.7915242675989, 135.626334483912], [34.7921799615981, 135.626459836062], [34.7925649606089, 135.626538228672], [34.7925651054424, 135.626538424728]]"
通禁（自転車等歩行者用）,車両（特定小型原動機付自転車・自転車を除く。） 午前７時から午前９時まで（日曜及び休日を除く。）,700.0,900.0,"[[34.8410947290499, 135.672372312151], [34.8407313141775, 135.672382680796], [34.8403236991723, 135.672395880871], [34.8400245705151, 135.672407329314]]"
通禁（自転車等歩行者用）,車両（特定小型原動機付自転車・自転車を除く。） 終日,,,"[[34.8438364272523, 135.671171295624], [34.8438927173098, 135.671604128726]]"
通禁（自転車等歩行者用）,車両（特定小型原動機付自転車・自転車を除く。） 終日,,,"[[34.8498247960116, 135.667781763673], [34.8496819120063, 135.668140089984]]"
通禁（自転車等歩行者用）,車両（特定小型原動機付自転車・自転車を除く。） 午前７時から午前９時まで,700.0,900.0,"[[34.7802012423602, 135.658142612076], [34.7803138668067, 135.658265353404], [34.7806835423737, 135.658678071663], [34.7808379268422, 135.658827816948], [34.7808769810426, 135.65889288661], [34.7809042587307, 135.659021420292], [34.7809571692621, 135.65920610838], [34.7809465349193, 135.659397830621], [34.781053537928, 135.660371734711]]"
通禁（自転車等歩行者用）,車両（特定小型原動機付自転車・自転車を除く。） 午前９時から午後７時まで,900.0,1900.0,"[[34.8606060824063, 135.681988073625], [34.860639075886, 135.68125360761], [34.8606549233327, 135.680865176232]]"
通禁（自転車等歩行者用）,車両（特定小型原動機付自転車・自転車を除く。） 午前７時から午後７時まで,700.0,1900.0,"[[34.8518982223877, 135.687820379414], [34.8523053653905, 135.687200879925]]"
通禁（自転車等歩行者用）,車両（特定小型原動機付自転車・自転車を除く。） 終日,,,"[[34.8516637100019, 135.688302892088], [34.8519284501876, 135.688563615687], [34.8523102842374, 135.688932360016]]"
通禁（自転車等歩行者用）,車両（特定小型原動機付自転車・自転車を除く。） 午前７時から午前９時まで,700.0,900.0,"[[34.8502743991797, 135.688990256366], [34.8505505561664, 135.689481626188]]"
通禁（自転車等歩行者用）,車両（特定小型原動機付自転車・自転車を除く。） 午前７時から午前９時まで,700.0,900.0,"[[34.8509177008846, 135.688246525239], [34.8511042381105, 135.688430008375], [34.851340722144, 135.688669468974]]"
通禁（自転車等歩行者用）,車両（特定小型原動機付自転車・自転車を除く。） 午前７時から午前９時まで,700.0,900.0,"[[34.8540439004255, 135.686406183885], [34.8542708512157, 135.686643239368], [34.8545922769089, 135.6869653956]]"
通禁（自転車等歩行者用）,車両（特定小型原動機付自転車・自転車を除く。） 午前７時から午前９時まで午後４時から午後６時まで,700.0,900.0,"[[34.7852341734296, 135.668092230567], [34.7856699784071, 135.667768923252]]"
通禁（自転車等歩行者用）,車両（特定小型原動機付自転車・自転車を除く。） 午前７時から午前９時まで午後０時から午後５時まで（日曜及び休日を除く。）,700.0,900.0,"[[34.7801983822479, 135.651588936233], [34.7804765614262, 135.651405197817], [34.7806427220121, 135.65129421433], [34.780935810895, 135.651151373996], [34.7810442545939, 135.651086499262], [34.7811757069306, 135.650987907997], [34.7813645901408, 135.650768635658], [34.7813638071391, 135.650769086915]]"
通禁（自転車等歩行者用）,車両（特定小型原動機付自転車・自転車を除く。） 終日,,,"[[34.7785515707161, 135.653121205152], [34.7785042233456, 135.653231895816], [34.7784861330828, 135.65343290938], [34.7784599662432, 135.653704253665], [34.7784336208832, 135.653912807383], [34.7783741918627, 135.654144125725], [34.7783721449937, 135.654156688064]]"
通禁（自転車等歩行者用）,車両（特定小型原動機付自転車・自転車を除く。） 午前７時から午前９時まで午後０時から午後５時まで（日曜及び休日を除く。）,700.0,900.0,"[[34.8278114856555, 135.697110161062], [34.8278114856555, 135.697110161062], [34.8278114841952, 135.697039167941], [34.8278158995709, 135.696998977309], [34.8278457291884, 135.696970840586], [34.8280903684805, 135.696891510335], [34.8283390084647, 135.696810485175], [34.8285150189218, 135.696766707341], [34.8286382045385, 135.696890636807], [34.8286382045385, 135.696890636807], [34.8286945609816, 135.696917410624], [34.8287324464311, 135.696921298215], [34.8287599992798, 135.696914575971], [34.8288391293878, 135.696848858174], [34.8288972612272, 135.696773391829], [34.8289547261983, 135.69668631551]]"
通禁（自転車等歩行者用）,車両（特定小型原動機付自転車・自転車を除く。） 終日,,,"[[34.8033524450551, 135.659971288584], [34.803739497208, 135.660117348213], [34.8038277992068, 135.660120670454], [34.8038886547089, 135.660109350464], [34.804335597869, 135.659889747452]]"
通禁（自転車等歩行者用）,車両（特定小型原動機付自転車・自転車を除く。） 午前６時３０分から午前８時３０分まで,630.0,830.0,"[[34.7925622457917, 135.628161128132], [34.7928845088626, 135.628173671156], [34.7932971193085, 135.62819251117], [34.7934301469217, 135.628200180918], [34.79345579431, 135.628155666133], [34.7938181857, 135.628181253675], [34.7940353797921, 135.628199269452], [34.7943991897202, 135.62824376765]]"
通禁（自転車等歩行者用）,車両（特定小型原動機付自転車・自転車を除く。） 午前６時３０分から午前８時３０分まで,630.0,830.0,"[[34.7944655974702, 135.628055059575], [34.7947221870731, 135.628070386342], [34.7950587176292, 135.628096766933], [34.7952389117894, 135.628116598088]]"
通禁（自転車等歩行者用）,車両（特定小型原動機付自転車・自転車を除く） 午前７時から午前９時まで（土・日曜及び休日を除く）,700.0,900.0,"[[34.8204140465647, 135.713066785975], [34.8207406355605, 135.712504547893]]"
通禁（自転車等歩行者用）,車両（特定小型原動機付自転車・自転車を除く。） 終日,,,"[[34.8121879600904, 135.673829357368], [34.8120861305255, 135.673813526068], [34.8118316730413, 135.673812361819], [34.8115772626852, 135.673822062002]]"
通禁（自転車等歩行者用）,車両（小型特殊自動車及び特定小型原動機付自転車・軽車両を除く。） 午前７時３０分から午前８時３０分まで,730.0,830.0,"[[34.8244021705223, 135.680488530103], [34.8243968274221, 135.679994606498], [34.8244008427064, 135.679422801418], [34.8245047742482, 135.67938552474], [34.8247493288564, 135.679375630798], [34.825202248159, 135.679370647909], [34.8257932632229, 135.679400602627]]"
通禁（自転車等歩行者用）,車両（特定小型原動機付自転車・自転車を除く。） 終日,,,"[[34.8220348244972, 135.684818542689], [34.8224204212497, 135.684879114185], [34.8225842100293, 135.684909515816], [34.8231201800438, 135.685052335414], [34.8233480827781, 135.685117705275], [34.823543533746, 135.685187276215], [34.8236989100651, 135.685241531123], [34.8237860250816, 135.685281582499], [34.823842383476, 135.685315486738]]"
通禁（自転車等歩行者用）,車両（特定小型原動機付自転車・自転車を除く。） 午前７時から午前９時まで,700.0,900.0,"[[34.8151609179762, 135.643060417463], [34.8156307254226, 135.643058400037]]"
通禁（自転車等歩行者用）,車両（特定小型原動機付自転車・自転車を除く。） 終日,,,"[[34.7898733205836, 135.672493023472], [34.7902114885954, 135.673142109344]]"
通禁（自転車等歩行者用）,車両（特定小型原動機付自転車・自転車を除く。） 終日,,,"[[34.7917188102529, 135.670431072938], [34.7919418054596, 135.670285171873], [34.792097599753, 135.670174657102], [34.7924306321377, 135.669916223529], [34.7926180725529, 135.669757423861], [34.7926531704875, 135.669728556025], [34.7927263403952, 135.669571049699]]"
通禁（自転車等歩行者用）,車両（特定小型原動機付自転車・自転車を除く。） 終日,,,"[[34.7713375818773, 135.67560825762], [34.7709993732718, 135.676056814757], [34.7706791302274, 135.67648177747]]"
通禁（自転車等歩行者用）,車両（特定小型原動機付自転車・自転車を除く。） 終日,,,"[[34.7709593178994, 135.674620134838], [34.7711298815168, 135.675037297054], [34.7712754466054, 135.675387611293], [34.7714596133337, 135.675839344409], [34.7715732554209, 135.676112503341]]"
通禁（自転車等歩行者用）,車両（特定小型原動機付自転車・自転車を除く。） 午前７時から午前９時まで,700.0,900.0,"[[34.7659951355343, 135.661889638344], [34.7661645429898, 135.662013006494], [34.7662920452413, 135.662125271261], [34.7663512181362, 135.662209617868], [34.7663902649755, 135.662305320025], [34.7664247186053, 135.66242547849], [34.7664452275386, 135.662549451491], [34.7664440870667, 135.662697938896], [34.766432202901, 135.662889718987], [34.7664387755754, 135.662991288171], [34.7664577347298, 135.663119025556], [34.7664890657334, 135.663231681178], [34.7665250003076, 135.663323638605], [34.7665842707589, 135.663443697449], [34.7666700078168, 135.663599361154], [34.7667400321771, 135.663679896519], [34.7668646295405, 135.663828008195], [34.7668631371332, 135.663826211702]]"
通禁（自転車等歩行者用）,車両（特定小型原動機付自転車・自転車を除く。） 午前７時から午前８時３０分まで,700.0,830.0,"[[34.7597161565615, 135.674707326223], [34.7600421458449, 135.675077983582], [34.7602433626338, 135.675298408718], [34.7602717057986, 135.675393113641], [34.760276235463, 135.675587566035], [34.7603591696105, 135.675840066168], [34.7604882067219, 135.6760826546]]"
通禁（自転車等歩行者用）,車両（特定小型原動機付自転車・自転車を除く。） 終日,,,"[[34.776250875093, 135.683468324394], [34.7764392520921, 135.683810885834]]"
通禁（自転車等歩行者用）,車両（特定小型原動機付自転車・自転車を除く。） 終日,,,"[[34.8174715431971, 135.646506973045], [34.8171172578191, 135.647026153715]]"
通禁（自転車等歩行者用）,車両（特定小型原動機付自転車・自転車を除く） 午前７時３０分から午前８時３０分まで（土曜、日曜及び休日を除く）,730.0,830.0,"[[34.8031426441828, 135.634070595886], [34.8031569642704, 135.634880210781]]"
通禁（自転車等歩行者用）,車両（特定小型原動機付自転車・自転車を除く） 終日,,,"[[34.824728638176, 135.711878400367], [34.8248251982621, 135.711873739128], [34.8248825975616, 135.711929930765], [34.824900649778, 135.711999289086], [34.8250476559503, 135.712128944548], [34.8250800602119, 135.712198253772], [34.8252951393525, 135.712384087412], [34.8255894306448, 135.712760552707], [34.8259340211864, 135.713210621173], [34.8259486630984, 135.713362423404], [34.8260078909635, 135.71345984811]]"
通禁（自転車等歩行者用）,車両（特定小型原動機付自転車・自転車を除く） 午前７時３０分から午前８時３０分まで（土曜、日曜及び休日を除く）,730.0,830.0,"[[34.7879209102061, 135.653497621519], [34.7879312355592, 135.653780918749], [34.787931597056, 135.653908108877], [34.787849028628, 135.654240941368], [34.7881427580698, 135.654364053022], [34.7880436422187, 135.654711400052], [34.7878941099109, 135.654980891499], [34.7878775667945, 135.655047440458], [34.7878902669049, 135.655304699554]]"
通禁（面・３ｔ）,最大積載量3000キログラム以上の準中型貨物自動車及び中型貨物自動車（特定中型貨物自動車を除く。）、特定中型自動車、大型自動車並びに大型特殊自動車 終日,,,"[[34.7824068011576, 135.649066164547], [34.7823087278695, 135.648948092408], [34.7821213637257, 135.649048390498], [34.7819538041848, 135.649238652717], [34.7818914799362, 135.649324201183], [34.7818020772488, 135.649504630363], [34.7817400042859, 135.649670755049], [34.7814310414517, 135.649629399978], [34.7811924031935, 135.649578267442], [34.7810475305448, 135.649484165743], [34.7809417366032, 135.649399312923], [34.7808122219332, 135.649224551532], [34.779992496075, 135.649668657637], [34.7794185143156, 135.649903308167], [34.7784304459408, 135.650272311404], [34.7780281631212, 135.650387777531], [34.7772430114175, 135.650623238341], [34.776743576421, 135.650966492052], [34.7766459778009, 135.6510190164], [34.7761190450088, 135.651291360009], [34.7757677845424, 135.651501318125], [34.775658297753, 135.651501791599], [34.7755331737807, 135.651488099821], [34.7754509331643, 135.651445798909], [34.7753726923673, 135.651427162561], [34.7752866749118, 135.651422802843], [34.7752007690887, 135.651461050537], [34.7751267513687, 135.651551376908], [34.7750254037821, 135.65165606347], [34.7748693962245, 135.651770472063], [34.7747677975926, 135.651789860476], [34.7746347296567, 135.651738283191], [34.7744511134785, 135.651786447862], [34.7742714692644, 135.651853527518], [34.7733286357137, 135.651625308438], [34.7731526008942, 135.65158342525], [34.7734714324268, 135.652340161616], [34.7734444372802, 135.65247767783], [34.7733784750308, 135.652653274555], [34.7735746486731, 135.652887029761], [34.7742142206538, 135.653699312819], [34.77429246104, 135.653677813725], [34.7744887465853, 135.653961258992], [34.7745124671309, 135.654055944941], [34.7747911609815, 135.654452768225], [34.7758315568841, 135.656002592923], [34.7761221945879, 135.656423247118], [34.7762792067621, 135.656650058726], [34.7763970565548, 135.656848567729], [34.7764718278083, 135.657023579321], [34.7765784033189, 135.657383241096], [34.7766657604739, 135.657861420567], [34.7768479721965, 135.65868051354], [34.7769666593903, 135.659177552019], [34.7771338947432, 135.659541795845], [34.7773025999831, 135.659719972135], [34.7774349211409, 135.659881121639], [34.7776144592961, 135.660053797153], [34.7777467800605, 135.660191921027], [34.7782287348466, 135.660709892507], [34.7784460965449, 135.660600539462], [34.7788193560744, 135.660445133658], [34.7791831727911, 135.660318502998], [34.7792682456301, 135.660283977621], [34.7793757579078, 135.660136768415], [34.7794165569383, 135.660051331762], [34.7805574866461, 135.657001091209], [34.7810521012146, 135.655634401257], [34.7811219232026, 135.655442195322], [34.7811799963313, 135.655235824088], [34.7812263767301, 135.655050839972], [34.7812786731958, 135.654872910739], [34.7813820367513, 135.654072980385], [34.7816338316388, 135.651882754918], [34.7817429997763, 135.651093323762], [34.7818175363234, 135.650495959288], [34.7819092908963, 135.649777688729], [34.7819558386051, 135.649649560809], [34.782060682195, 135.649371973443], [34.7822010237852, 135.649236345485], [34.7824068011576, 135.649066164547]]"
通禁（面・３ｔ）,最大積載量3000キログラム以上の準中型貨物自動車及び中型貨物自動車（特定中型貨物自動車を除く。）、特定中型自動車、大型自動車並びに大型特殊自動車 終日,,,"[[34.8610398544744, 135.694398871403], [34.8609068102093, 135.694399361906], [34.8606278930377, 135.694585994608], [34.8605670871214, 135.694231141507], [34.8603145301188, 135.694320844852], [34.8602811865801, 135.694288694137], [34.8600286625325, 135.694394528221], [34.8599551102882, 135.69424954106], [34.8599615520757, 135.694168817011], [34.8600479667312, 135.694144295752], [34.8601207016857, 135.693974555387], [34.8601135391636, 135.693780907362], [34.8599929236042, 135.693450491413], [34.8597325899477, 135.693112533306], [34.8596060852167, 135.693072646066], [34.8594262432502, 135.692984551825], [34.859352830289, 135.69289605284], [34.859305840244, 135.692734838428], [34.8591654432507, 135.692469057753], [34.8589783232072, 135.692146965034], [34.8588250019042, 135.692026479812], [34.8588376070879, 135.691760133104], [34.8586906538224, 135.691534734799], [34.8586433225087, 135.691244398498], [34.857677570406, 135.690804169353], [34.8577056314906, 135.688835089393], [34.857738546469, 135.688705853163], [34.8577748952515, 135.687366173486], [34.857792285307, 135.686389723165], [34.8578576792903, 135.683484418888], [34.8598666421736, 135.683500976389], [34.8599333802957, 135.683581422731], [34.8598677911815, 135.686406097233], [34.8598204747993, 135.688609316639], [34.8597971811334, 135.689852146642], [34.8597846035675, 135.690126556562], [34.8597797637879, 135.690796421686], [34.8598548442455, 135.691514350521], [34.859969397734, 135.692070744452], [34.8601640893833, 135.692739805947], [34.8602778829773, 135.693005688538], [34.8606123454119, 135.693706533661], [34.860919998692, 135.694326770821], [34.8610398544744, 135.694398871403]]"
通禁（歩行者等）　線,終日,,,"[[34.8031197670998, 135.631846391194], [34.8014747813137, 135.63113922758], [34.8010099306548, 135.630953652729], [34.8008549702054, 135.630889408743], [34.80065218895, 135.630760393151], [34.800580569458, 135.630695781264], [34.8004851166424, 135.630616870608], [34.8003238141518, 135.630422744329], [34.8002102232838, 135.630257259669], [34.7997194904585, 135.62938627655]]"
通禁（歩行者等）　線,終日,,,"[[34.7761650168395, 135.677417354284], [34.7758117201412, 135.676651652641], [34.7757475787459, 135.676516372592], [34.775747605878, 135.676516405262]]"
通禁（歩行者等）　線,歩行者及び遠隔操作型小型車（遠隔操作により道路を通行しているものに限る。） 終日,,,"[[34.7971439460376, 135.62777126593], [34.7961712257397, 135.627618445629], [34.7958884906534, 135.627507459573], [34.7956149103069, 135.627368380419], [34.7953362273312, 135.627072143411], [34.7951454398464, 135.626758708347], [34.7950239819558, 135.626400060861], [34.7949673980291, 135.626063570961], [34.7948960394588, 135.625435298448], [34.7947759028159, 135.623999039348], [34.7947758009353, 135.623956998986]]"
一通,車両（特定小型原動機付自転車・自転車を除く。） 終日,,,"[[34.8150444353657, 135.646218707456], [34.8149905207335, 135.646021281888], [34.8150071370671, 135.644918270842], [34.8150001598514, 135.644613493129], [34.8149799371218, 135.644471311951], [34.8148351649423, 135.643941723584], [34.8147245041641, 135.643620754547], [34.8145966198376, 135.64312805136], [34.8145757725007, 135.642257991827], [34.814497108114, 135.641923940055], [34.8143449216116, 135.641464595211], [34.8142237910751, 135.641206481594], [34.8141149935457, 135.641001890693], [34.8140125020626, 135.640860099546], [34.8137572750064, 135.640598849288], [34.813354398232, 135.640382597126], [34.8133433973778, 135.640269968583], [34.8133463382302, 135.640090401439], [34.8128847432579, 135.639736190271], [34.8125104164078, 135.639368395603]]"
一通,車両（特定小型原動機付自転車・自転車を除く。） 終日,,,"[[34.8155363563578, 135.648792329249], [34.8151008303177, 135.647889384429]]"
一通,車両（特定小型原動機付自転車・自転車を除く。） 終日,,,"[[34.812503496566, 135.639299782517], [34.8126193044837, 135.638852905539], [34.8126369090191, 135.638633325262], [34.812557348269, 135.638476885835], [34.8117670675583, 135.637209448735], [34.8113119099441, 135.636602751705]]"
一通,車両（特定小型原動機付自転車・自転車を除く。） 終日,,,"[[34.8109172279329, 135.6385379539], [34.8109183892575, 135.637244025661]]"
一通,車両（特定小型原動機付自転車・自転車を除く。） 終日,,,"[[34.8088944796922, 135.637964108211], [34.8094975868335, 135.638319704595], [34.8098438866223, 135.638548003705], [34.8096309316762, 135.63910992177], [34.8095815146078, 135.639366969107], [34.809565700687, 135.639674563957], [34.8095299789858, 135.639847073644], [34.8094554910114, 135.640107606088], [34.8092502180684, 135.640443059863]]"
一通,車両（特定小型原動機付自転車・自転車を除く。） 終日,,,"[[34.8108130895283, 135.637108830449], [34.8104531962889, 135.637345276139], [34.8102672468805, 135.637579246622], [34.8100209309521, 135.637964368109], [34.8099327886274, 135.638285351353]]"
一通,車両（特定小型原動機付自転車・自転車を除く。） 終日,,,"[[34.8159668342426, 135.648173183279], [34.81582870927, 135.648092869575], [34.8156799935271, 135.647935309746], [34.8155814283007, 135.647687654547], [34.8155288931113, 135.647464956219]]"
一通,車両 終日,,,"[[34.7997091455467, 135.629375721511], [34.8002666027098, 135.630323140586], [34.8004140235472, 135.630565393102], [34.8007726633233, 135.63085007869], [34.8017471277736, 135.631279522688], [34.8017166500522, 135.631345799617], [34.801788147883, 135.631367123454], [34.8021636476941, 135.631533259799], [34.8031067873604, 135.631918788601]]"
一通,車両（特定小型原動機付自転車・自転車を除く。） 終日,,,"[[34.7793049375235, 135.660209726246], [34.779036305601, 135.660094843013], [34.7786550954397, 135.65997361291], [34.7779100843272, 135.659922078651], [34.7772789747258, 135.659679067961]]"
一通,車両（特定小型原動機付自転車・自転車を除く。） 終日,,,"[[34.8311113744581, 135.654809727951], [34.8310561660996, 135.655085729358]]"
一通,車両（特定小型原動機付自転車・自転車を除く。） 終日,,,"[[34.8253405717039, 135.710247542531], [34.8243109555039, 135.710185478411]]"
一通,車両 終日,,,"[[34.8064923784441, 135.653109882466], [34.8067177514523, 135.653398906902], [34.8067177514523, 135.653398906902], [34.8069216804864, 135.65362102135]]"
一通,車両 終日,,,"[[34.8058443625415, 135.65313030858], [34.8061079707098, 135.652994288973], [34.8061852949129, 135.652949597375], [34.8061852949129, 135.652949597375], [34.8062262060579, 135.652899045855], [34.8062585898883, 135.652832246013], [34.8062848625898, 135.652740170877], [34.8062905827147, 135.652681509627], [34.8062849148408, 135.652611794061], [34.8062253886912, 135.652436506041], [34.8060188706699, 135.651989690609], [34.8059836223333, 135.651913587282], [34.8059261243688, 135.651763324661], [34.8059240949369, 135.651691164821], [34.805932204175, 135.651650890689], [34.8060026404433, 135.651614559524]]"
一通,車両 終日,,,"[[34.8068741311636, 135.65258370299], [34.8065869210334, 135.651899689018], [34.8064025685693, 135.65149773008], [34.8063297949651, 135.65136916013], [34.806079006388, 135.651028613292]]"
一通,車両 終日,,,"[[34.8071062959703, 135.653451395169], [34.8070631851274, 135.653286855825], [34.8069314645539, 135.652817763321]]"
一通,車両 終日,,,"[[34.7950225900066, 135.626807362552], [34.7953378289405, 135.627251971975], [34.7956395866981, 135.627493902337], [34.7960363682942, 135.627676168619], [34.7972977159223, 135.627879516763]]"
一通,車両 終日,,,"[[34.7947118468512, 135.624023544192], [34.7949010517248, 135.626185629771], [34.7948375852009, 135.626474735413]]"
一通,車両（特定小型原動機付自転車・自転車を除く。） 終日,,,"[[34.8150087123727, 135.649330237817], [34.8146211357431, 135.648746987924]]"
一通,車両（特定小型原動機付自転車・自転車を除く。） 終日,,,"[[34.8137189690311, 135.651428485815], [34.8128817480292, 135.651408869284]]"
一通,車両 終日,,,"[[34.8012869116523, 135.630478877063], [34.8006675486538, 135.629915369133], [34.8003859245178, 135.629631941654]]"
一通,車両（特定小型原動機付自転車・自転車を除く。） 終日,,,"[[34.8192137733315, 135.652207387937], [34.8186670612051, 135.652292305213]]"
一通,車両 終日,,,"[[34.8624362895646, 135.675028707495], [34.8624104940096, 135.675113004973], [34.8620996995827, 135.674933749709], [34.8623670345193, 135.675209718124], [34.8623670345193, 135.675209718124], [34.8623670345193, 135.675209718124], [34.8627126033999, 135.675391778266], [34.8630407000172, 135.675560340097], [34.8632893559982, 135.675694239909], [34.8633485513892, 135.67576600971], [34.8633858871745, 135.675832474794], [34.8634057532567, 135.675909522404], [34.8634077337433, 135.676005373948], [34.8634021848115, 135.676074728233], [34.8633819425018, 135.676140721942], [34.8630781268994, 135.676646925601], [34.8630781268994, 135.676646925601]]"
一通,車両 終日,,,"[[34.8631151274922, 135.676692726095], [34.8633879811489, 135.67627032007], [34.8634566879593, 135.676167746007], [34.8635034845111, 135.676114583987], [34.863567474095, 135.676063227103], [34.8636393815568, 135.676033840144], [34.8636997368504, 135.67603095071], [34.8637581214039, 135.676043004264], [34.863811367996, 135.676060335144], [34.8641196073839, 135.676268393638], [34.8644357906983, 135.67648417358], [34.864623644886, 135.676611241856], [34.8646979415149, 135.67658818758], [34.8647368513789, 135.676550635204], [34.8647702041224, 135.676488002039], [34.8647368513789, 135.676550635204], [34.8646979415149, 135.67658818758], [34.864623644886, 135.676611241856], [34.8647046967327, 135.676658041716], [34.8647364719977, 135.676663818502], [34.8648139098219, 135.676672011108], [34.8650454723027, 135.676684034622]]"
一通,車両（特定小型原動機付自転車・自転車を除く。） 終日,,,"[[34.8036119857424, 135.658504590389], [34.8036055399005, 135.65842648676], [34.8034278856937, 135.658194122804], [34.8034278856937, 135.658194122804], [34.8034278856937, 135.658194122804], [34.8033183921818, 135.658006697907], [34.8031450127619, 135.657675398535], [34.802948029226, 135.657509444805], [34.8027172437425, 135.657345435828], [34.8025572851091, 135.65722047771], [34.8022706713373, 135.657026527939], [34.8018868995161, 135.656773335187], [34.8016561144912, 135.656631463049]]"
一通,車両（特定小型原動機付自転車・自転車を除く。） 終日,,,"[[34.8424546433167, 135.672409627097], [34.8423067629268, 135.672679411057], [34.8416509195103, 135.674160148717], [34.841573263247, 135.675489602799], [34.8415200116338, 135.675585954648], [34.8419572899481, 135.676814827748], [34.8418080228241, 135.677308145119], [34.8417478892912, 135.677793886944]]"
一通,車両（特定小型原動機付自転車・自転車を除く。） 終日,,,"[[34.794730004635, 135.657425031725], [34.7941219491014, 135.657584629678], [34.7938910155798, 135.657524283847], [34.7935057639576, 135.657102435656], [34.7932654945843, 135.657097686742]]"
一通,車両（特定小型原動機付自転車・自転車を除く。） 終日,,,"[[34.7972648843439, 135.657275875403], [34.7975326007028, 135.657278499504], [34.7977019528265, 135.65731884902], [34.7978343693824, 135.657355591406], [34.7981116474719, 135.657484967844], [34.7983765976451, 135.657603237923], [34.7985059806196, 135.657651206146], [34.798761499679, 135.657698644787], [34.7989984314841, 135.65770507981], [34.7993215891468, 135.657729859009], [34.7995587372552, 135.657803493259], [34.7998574896627, 135.657914130425], [34.8001070163971, 135.658013823418], [34.8004150988932, 135.65814683855], [34.8005505997121, 135.658187330273], [34.8007291748478, 135.65823130636], [34.8009107597735, 135.658249216051], [34.8010091992011, 135.658241347422], [34.8016121500161, 135.65819407372], [34.8017259673342, 135.658182415031], [34.8020952163957, 135.658180898286], [34.8024861335731, 135.65823892111], [34.8026924190269, 135.658279123297], [34.8030188286101, 135.658367313781], [34.8031851268899, 135.658415112474], [34.8035024716898, 135.658559297684]]"
一通,車両（特定小型原動機付自転車・自転車を除く。） 終日,,,"[[34.8141502127503, 135.654247980581], [34.81454766964, 135.653945560263], [34.8146022969816, 135.653855679937], [34.8144755500186, 135.652907608233], [34.8144225254193, 135.652699602265], [34.8143383429639, 135.652465712134], [34.8139254535114, 135.6515564466]]"
一通,車両（特定小型原動機付自転車・自転車を除く。） 終日,,,"[[34.7996033306331, 135.62934301799], [34.8001642957023, 135.630286084553], [34.8002901151001, 135.630493735081], [34.8005271159012, 135.630757270359], [34.8007207044665, 135.630886538425], [34.8011720680529, 135.631092717736]]"
一通,車両（特定小型原動機付自転車・自転車を除く。） 終日,,,"[[34.7977782376413, 135.663113048786], [34.7975669304587, 135.662643449865]]"
一通,車両（特定小型原動機付自転車・自転車を除く。） 終日,,,"[[34.8168540725064, 135.662187562513], [34.8168201089559, 135.661780044346]]"
一通,車両（特定小型原動機付自転車・自転車を除く。） 終日,,,"[[34.8156468750752, 135.65031793472], [34.816280739996, 135.649840388614]]"
一通,車両（特定小型原動機付自転車・自転車を除く。） 終日,,,"[[34.8164346254113, 135.650203966494], [34.8158303542762, 135.650674926254]]"
一通,車両（特定小型原動機付自転車・自転車を除く。） 終日,,,"[[34.8151379281166, 135.649510092247], [34.8153869548001, 135.649894370883], [34.8155843998943, 135.650282891404]]"
一通,車両（特定小型原動機付自転車・自転車を除く。） 終日,,,"[[34.8244688951568, 135.649452028719], [34.8242907306873, 135.649407238629], [34.8240125897387, 135.649415157641], [34.8238429974467, 135.649451292496]]"
一通,車両（特定小型原動機付自転車・自転車を除く。） 終日,,,"[[34.8552737326072, 135.686964259877], [34.8556850302841, 135.687366420783]]"
一通,車両（特定小型原動機付自転車・自転車を除く。） 終日,,,"[[34.8557411339368, 135.687319316141], [34.8557640467774, 135.686791001136], [34.8557302495652, 135.686723478802], [34.8555553365189, 135.686554117753]]"
一通,車両（特定小型原動機付自転車・自転車を除く。） 終日,,,"[[34.8557274527922, 135.687606731755], [34.8557040593003, 135.68810813477]]"
一通,車両（特定小型原動機付自転車・自転車を除く。） 終日,,,"[[34.8558667961176, 135.688209662482], [34.8558735150272, 135.68791308182], [34.8558797679736, 135.68767691161], [34.8558492361471, 135.687620306866], [34.8557666503439, 135.68754848237]]"
一通,車両（特定小型原動機付自転車・自転車を除く。） 終日,,,"[[34.8589923587378, 135.681747932104], [34.8599791999261, 135.680769026954]]"
一通,車両（特定小型原動機付自転車・自転車を除く。） 終日,,,"[[34.8577966154252, 135.683274478775], [34.8578061097911, 135.682526654679], [34.857846404165, 135.6804503185], [34.8578731339038, 135.67902426995], [34.8579142904203, 135.677268458122]]"
一通,車両（特定小型原動機付自転車・自転車を除く。） 終日,,,"[[34.859033644201, 135.677582138748], [34.859668891018, 135.675612032963]]"
一通,車両（特定小型原動機付自転車・自転車を除く。） 終日,,,"[[34.8596859938994, 135.675556463431], [34.8606968032454, 135.676038745475]]"
一通,車両（特定小型原動機付自転車・自転車を除く。） 終日,,,"[[34.8577687897056, 135.681456817125], [34.856400240807, 135.681411070928]]"
一通,車両（特定小型原動機付自転車・自転車を除く。） 終日,,,"[[34.8590129778934, 135.679197777938], [34.8600182288714, 135.679233725494]]"
一通,車両（特定小型原動機付自転車・自転車を除く。） 終日,,,"[[34.8589798616078, 135.678161944117], [34.8589631455712, 135.679119512694]]"
一通,車両（特定小型原動機付自転車・自転車を除く。） 終日,,,"[[34.8588233884698, 135.681972742646], [34.8579022143321, 135.681934887125]]"
一通,車両（特定小型原動機付自転車・自転車を除く。） 終日,,,"[[34.7987881520656, 135.629180692159], [34.7974012950725, 135.629285313861]]"
一通,車両（特定小型原動機付自転車・自転車を除く。） 終日,,,"[[34.8185026516476, 135.670668135097], [34.8189539528574, 135.670167347818], [34.8190141762739, 135.670055588714], [34.8190522586705, 135.669820602914]]"
一通,車両（特定小型原動機付自転車・自転車を除く。） 終日,,,"[[34.815784246231, 135.663915398327], [34.815636687049, 135.66453219359], [34.8156392204354, 135.66446029194], [34.8155616382592, 135.664859707906], [34.8155194836863, 135.665134632503]]"
一通,車両（特定小型原動機付自転車・自転車を除く。） 終日,,,"[[34.8155627875426, 135.665211902023], [34.8161643377432, 135.665173350289], [34.8169153592496, 135.665057536774]]"
一通,車両（特定小型原動機付自転車・自転車を除く） 終日,,,"[[34.7999431628119, 135.672433551644], [34.7997399473579, 135.672493627222]]"
一通,車両（特定小型原動機付自転車・自転車を除く。） 終日,,,"[[34.7861707922226, 135.631857634474], [34.7867705664929, 135.632269556052], [34.786908899264, 135.632778878944], [34.7869317924165, 135.63300058007]]"
一通,車両（特定小型原動機付自転車・自転車を除く。） 終日,,,"[[34.7863933036226, 135.633303675977], [34.7861075736717, 135.632955045018], [34.7857572616025, 135.632266430694]]"
一通,車両（特定小型原動機付自転車・自転車を除く。） 終日,,,"[[34.7920736959786, 135.642715510541], [34.7913287068615, 135.642849788236], [34.7912255489979, 135.642846197234], [34.7907989589078, 135.642620136562], [34.7904876348287, 135.64255287656]]"
一通,車両（特定小型原動機付自転車・自転車を除く。） 終日,,,"[[34.7891029386593, 135.642851759164], [34.7891997562561, 135.642708927393], [34.7893490838121, 135.642506949495], [34.7894419589587, 135.642403407188], [34.7895107363449, 135.642373662972], [34.7896322528606, 135.642363318588], [34.7898350602646, 135.642441018835], [34.790037801306, 135.64249907197], [34.7903984909588, 135.642541729606]]"
一通,車両 終日,,,"[[34.7919800497587, 135.666339912685], [34.7935049943204, 135.665030409596]]"
一通,車両 終日,,,"[[34.7918193379793, 135.666194705682], [34.791908419288, 135.666344056762]]"
一通,車両 終日,,,"[[34.7935426958236, 135.664955588535], [34.7934558069945, 135.664797736306]]"
一通,車両 終日,,,"[[34.8481375551646, 135.694457958111], [34.8467972942769, 135.692096844246]]"
一通,車両 終日,,,"[[34.8467197851151, 135.692162292599], [34.8480741084586, 135.694526896464]]"
一通,車両（特定小型原動機付自転車・自転車を除く。） 終日,,,"[[34.8588519750106, 135.691762441959], [34.8595960118881, 135.691601415718]]"
一通,車両（特定小型原動機付自転車・自転車を除く。） 終日,,,"[[34.8590018494567, 135.692121297557], [34.8596540503652, 135.691927554278]]"
一通,車両（特定小型原動機付自転車・自転車を除く。） 終日,,,"[[34.8589804051075, 135.692187771797], [34.8593110368391, 135.692760180684]]"
一通,車両（特定小型原動機付自転車・自転車を除く。） 終日,,,"[[34.8192095256705, 135.648717949056], [34.8191125022754, 135.648966212939], [34.8190047521942, 135.649199403734], [34.8188543683702, 135.649441420369]]"
一通,車両（特定小型原動機付自転車・自転車を除く。） 終日,,,"[[34.81666772646, 135.646753235321], [34.8164752893437, 135.647249604244]]"
一通,車両（特定小型原動機付自転車・自転車を除く。） 終日,,,"[[34.8156091252237, 135.643055180772], [34.815183091296, 135.643065405026]]"
一通,車両（特定小型原動機付自転車・自転車を除く。） 終日,,,"[[34.816041455667, 135.651394016786], [34.8153384096109, 135.651870429672]]"
一通,車両（特定小型原動機付自転車・自転車を除く。） 終日,,,"[[34.8156030180261, 135.652441643001], [34.8162831825964, 135.651875696503]]"
一通,車両（特定小型原動機付自転車・自転車を除く。） 終日,,,"[[34.8137737757912, 135.650347594851], [34.8138242400285, 135.650238520842], [34.813853367263, 135.649882053765], [34.8138778605878, 135.649712485904], [34.813973232849, 135.649442315111], [34.8140430273779, 135.649292161295], [34.8141470129672, 135.649152505891], [34.8143216008947, 135.648960159746], [34.8143714283431, 135.64893574449]]"
一通,車両（特定小型原動機付自転車・自転車を除く。） 終日,,,"[[34.8101856649392, 135.640459117829], [34.8101255696259, 135.640446305161], [34.8099178337812, 135.640484539875], [34.809572999493, 135.640504709232]]"
一通,車両（特定小型原動機付自転車・自転車を除く。） 終日,,,"[[34.7856653004834, 135.667790706983], [34.785259750853, 135.668087093601], [34.7852488032217, 135.668102347171]]"
一通,車両（特定小型原動機付自転車・自転車を除く。） 終日,,,"[[34.7839393979682, 135.668423493451], [34.7843033265863, 135.668345285755], [34.7847688879033, 135.668220070585], [34.7849678210355, 135.668183635524]]"
一通,車両（特定小型原動機付自転車・自転車を除く。） 終日,,,"[[34.789392242949, 135.65885227961], [34.7893576218387, 135.659037518742]]"
一通,車両（特定小型原動機付自転車・自転車を除く。） 終日,,,"[[34.7901119583007, 135.658955253487], [34.7900280177774, 135.658983275953], [34.7897354622526, 135.658975665308], [34.7892130845455, 135.659133712667], [34.7889392796537, 135.659154960235]]"
一通,車両（特定小型原動機付自転車・自転車を除く。） 終日,,,"[[34.7905739897075, 135.626591674418], [34.7912578088766, 135.626627851051], [34.7914635187797, 135.626643094598]]"
一通,車両（特定小型原動機付自転車・自転車を除く。） 終日,,,"[[34.7914849293617, 135.626323404071], [34.7913845260044, 135.626303800282], [34.7912122656902, 135.626269382733], [34.7911515432543, 135.626257939576], [34.7910694839162, 135.626261661202], [34.7910156736327, 135.626270217754], [34.7909053963355, 135.626294117904], [34.7908226117269, 135.626299460031], [34.7905453768393, 135.626307375938]]"
一通,車両（特定小型原動機付自転車・自転車を除く。） 終日,,,"[[34.7827618455351, 135.665517734906], [34.7822397309348, 135.666107294261]]"
一通,車両（特定小型原動機付自転車・自転車を除く。） 終日,,,"[[34.7828501207382, 135.6669909993], [34.7834038368457, 135.666401358262]]"
一通,車両（特定小型原動機付自転車・自転車を除く。） 終日,,,"[[34.8021147987626, 135.634879756172], [34.8024818154969, 135.634971462531], [34.803124212265, 135.635175857968]]"
一通,車両（特定小型原動機付自転車・自転車を除く。） 終日,,,"[[34.7988528389226, 135.628056427388], [34.799307237602, 135.628115213445], [34.8002673142968, 135.628153696617]]"
一通,車両（特定小型原動機付自転車・自転車を除く。） 終日,,,"[[34.8106845722916, 135.63982746282], [34.8108856332464, 135.639788063739], [34.8111437366023, 135.639939586503], [34.8112605884475, 135.639668044635], [34.8108586642176, 135.639420173172]]"
一通,車両（特定小型原動機付自転車・自転車を除く。） 終日,,,"[[34.794331144093, 135.65940963338], [34.7935589790453, 135.659311233091], [34.7933618081456, 135.659350370073]]"
一通,車両（特定小型原動機付自転車・自転車を除く。） 終日,,,"[[34.8424804784155, 135.671065929973], [34.842496590997, 135.670566008928], [34.8425450372802, 135.670396390922], [34.8426650335776, 135.669574108623], [34.8426501847763, 135.668606237524]]"
一通,車両（特定小型原動機付自転車・自転車を除く。） 終日,,,"[[34.8416733511953, 135.662229755705], [34.8416936665694, 135.662456435275], [34.8416919179194, 135.662612931189], [34.8416513192509, 135.662956557942]]"
一通,車両（特定小型原動機付自転車・自転車を除く。） 終日,,,"[[34.8440783228419, 135.671645589652], [34.8438011920397, 135.670961714066], [34.8433793697338, 135.670720798772], [34.8430389501009, 135.670563756362], [34.8426112481233, 135.670325722379]]"
一通,車両（特定小型原動機付自転車・自転車を除く。） 終日,,,"[[34.8484871066811, 135.669264820917], [34.8487122841099, 135.66861232749], [34.8489016255761, 135.66798969547]]"
一通,車両（特定小型原動機付自転車・自転車を除く。） 終日,,,"[[34.8488179062631, 135.667932873264], [34.8483838397846, 135.669176200253]]"
一通,車両（特定小型原動機付自転車・自転車を除く。） 終日,,,"[[34.8490755004661, 135.669821102648], [34.8490904302906, 135.669320490846], [34.849103213116, 135.669130279159], [34.8491373551671, 135.668078802005]]"
一通,車両（特定小型原動機付自転車・自転車を除く。） 終日,,,"[[34.8482595809411, 135.66949242079], [34.8478764793125, 135.670568421943]]"
一通,車両（特定小型原動機付自転車・自転車を除く。） 終日,,,"[[34.8479960753466, 135.67064887617], [34.8483592730777, 135.669619372071]]"
一通,車両（特定小型原動機付自転車・自転車を除く。） 終日,,,"[[34.8405933581384, 135.672334416495], [34.8405768069939, 135.671525117406]]"
一通,車両（特定小型原動機付自転車・自転車を除く。） 終日,,,"[[34.8405951998181, 135.672441485584], [34.8406081025787, 135.673225892418]]"
一通,車両（特定小型原動機付自転車・自転車を除く。） 終日,,,"[[34.8403390148175, 135.672395798508], [34.8410642972469, 135.67237621554]]"
一通,車両（特定小型原動機付自転車・自転車を除く。） 終日,,,"[[34.8403062656261, 135.673219613781], [34.8402959960029, 135.672465092738]]"
一通,車両（特定小型原動機付自転車・自転車を除く。） 終日,,,"[[34.8399967184218, 135.671542962624], [34.839999482091, 135.671839664464], [34.8400048968413, 135.672362829538]]"
一通,車両（特定小型原動機付自転車・自転車を除く。） 終日,,,"[[34.8412398977232, 135.671468772438], [34.840307464312, 135.671493677499]]"
一通,車両（特定小型原動機付自転車・自転車を除く。） 終日,,,"[[34.8402749597799, 135.671544725492], [34.8402916334539, 135.672329321487]]"
一通,車両（特定小型原動機付自転車・自転車を除く。） 終日,,,"[[34.8400073319721, 135.673256785967], [34.8400008925096, 135.672936524821], [34.8399927281641, 135.672482669319]]"
一通,車両（特定小型原動機付自転車・自転車を除く。） 終日,,,"[[34.8391173609263, 135.674438340939], [34.8391455638672, 135.675531411598]]"
一通,車両（特定小型原動機付自転車・自転車を除く。） 終日,,,"[[34.8394322722874, 135.675522756489], [34.8394143604631, 135.674432090875]]"
一通,車両（特定小型原動機付自転車・自転車を除く。） 終日,,,"[[34.8393854637927, 135.673399757183], [34.8393963023692, 135.674314579524]]"
一通,車両（特定小型原動機付自転車・自転車を除く。） 終日,,,"[[34.8391054245247, 135.674314365969], [34.8390960678499, 135.673397168336]]"
一通,車両（特定小型原動機付自転車・自転車を除く。） 終日,,,"[[34.8400490675021, 135.675481844993], [34.8400284400535, 135.674398026651]]"
一通,車両（特定小型原動機付自転車・自転車を除く。） 終日,,,"[[34.8407976036674, 135.675495495672], [34.8397873460562, 135.675549763407]]"
一通,車両（特定小型原動機付自転車・自転車を除く。） 終日,,,"[[34.8400658199198, 135.67435312744], [34.8408830133835, 135.674323906649]]"
一通,車両（特定小型原動機付自転車・自転車を除く。） 終日,,,"[[34.8400076724614, 135.673379113026], [34.8400259776786, 135.674280726545]]"
一通,車両（特定小型原動機付自転車・自転車を除く。） 終日,,,"[[34.8410074084651, 135.673282769535], [34.8403101425249, 135.673305255213], [34.839719667481, 135.673324294391]]"
一通,車両（特定小型原動機付自転車・自転車を除く。） 終日,,,"[[34.8403301907536, 135.674405315777], [34.840344652092, 135.675448564434]]"
一通,車両（特定小型原動機付自転車・自転車を除く。） 終日,,,"[[34.8406460890975, 135.67543607902], [34.8406291147451, 135.674377364909]]"
一通,車両（特定小型原動機付自転車・自転車を除く。） 終日,,,"[[34.8406119087177, 135.673339623535], [34.8406272945682, 135.674260958028]]"
一通,車両（特定小型原動機付自転車・自転車を除く。） 終日,,,"[[34.8403254281534, 135.674280840688], [34.8403103109855, 135.673351800025]]"
一通,車両（特定小型原動機付自転車・自転車を除く。） 終日,,,"[[34.8599902718607, 135.6801788816], [34.8589846223909, 135.680148075093]]"
一通,車両（特定小型原動機付自転車・自転車を除く。） 終日,,,"[[34.8589149366462, 135.681885305568], [34.8589616346286, 135.679283586422]]"
一通,車両（特定小型原動機付自転車・自転車を除く。） 終日,,,"[[34.8488621692162, 135.66727246084], [34.8487372225947, 135.667606141024]]"
一通,車両（特定小型原動機付自転車・自転車を除く。） 終日,,,"[[34.8426346282945, 135.690285988382], [34.8426547797767, 135.691783023794]]"
一通,車両（特定小型原動機付自転車・自転車を除く。） 終日,,,"[[34.8426947160966, 135.694963899679], [34.8410397374036, 135.693503242044]]"
一通,車両（特定小型原動機付自転車・自転車を除く。） 終日,,,"[[34.8376170039605, 135.694696384259], [34.8392974317972, 135.696153895593]]"
一通,車両（特定小型原動機付自転車・自転車を除く。） 終日,,,"[[34.8440152920051, 135.690569311828], [34.8427490205661, 135.690226056429], [34.8425011890525, 135.690150071271], [34.8417280968381, 135.690163950658], [34.8412904255553, 135.690249834252], [34.8407172283478, 135.690490054203], [34.8402136405223, 135.690784954266], [34.8389635065195, 135.692023979348], [34.8375898694019, 135.694600301128]]"
一通,車両（特定小型原動機付自転車・自転車を除く。） 終日,,,"[[34.8400446189744, 135.694727522894], [34.838370225101, 135.693262416876]]"
一通,車両（特定小型原動機付自転車・自転車を除く。） 終日,,,"[[34.8391686944042, 135.691897587091], [34.8408554370561, 135.693381331243]]"
一通,車両（特定小型原動機付自転車・自転車を除く。） 終日,,,"[[34.8416226279704, 135.692391914975], [34.8406225611917, 135.690676953028]]"
一通,車両（特定小型原動機付自転車・自転車を除く。） 終日,,,"[[34.8442207623162, 135.693800242044], [34.8441420772089, 135.692985313187], [34.844120510877, 135.692719302762], [34.8440203403717, 135.691680605588]]"
一通,車両（特定小型原動機付自転車・自転車を除く。） 終日,,,"[[34.8402106072843, 135.694873984072], [34.8419175825294, 135.696331664654]]"
一通,車両（特定小型原動機付自転車・自転車を除く。） 終日,,,"[[34.8419717127086, 135.694122813837], [34.8423209138573, 135.693681115357], [34.8429613543949, 135.693139105945], [34.8432346083591, 135.692995433342], [34.8439296551597, 135.69281297527], [34.845683690308, 135.692759935846]]"
一通,車両（特定小型原動機付自転車・自転車を除く。） 終日,,,"[[34.8411353098817, 135.697715186965], [34.8394892663151, 135.696293539217]]"
一通,車両（特定小型原動機付自転車・自転車を除く。） 終日,,,"[[34.8434301137602, 135.694390657662], [34.8442050143446, 135.696086328725]]"
一通,車両（特定小型原動機付自転車・自転車を除く。） 終日,,,"[[34.8437841401109, 135.696634539637], [34.8434525231479, 135.69646978112], [34.8428203499845, 135.695091390299]]"
一通,車両（特定小型原動機付自転車・自転車を除く。） 終日,,,"[[34.8498221280417, 135.692625711088], [34.850455913143, 135.69183196327]]"
一通,車両（特定小型原動機付自転車・自転車を除く。） 終日,,,"[[34.8475746745451, 135.693333473873], [34.8483356692977, 135.692696241996]]"
一通,車両（特定小型原動機付自転車・自転車を除く。） 終日,,,"[[34.847812994321, 135.691845384701], [34.8471234720476, 135.692426838862]]"
一通,車両（特定小型原動機付自転車・自転車を除く。） 終日,,,"[[34.8491991230392, 135.691994909991], [34.8484771563261, 135.692576263225]]"
一通,車両（特定小型原動機付自転車・自転車を除く。） 終日,,,"[[34.8479702655878, 135.691707620986], [34.8487391458636, 135.691078521559]]"
一通,車両（特定小型原動機付自転車・自転車を除く。） 終日,,,"[[34.8493519853141, 135.691878178016], [34.8500629500588, 135.69127768426]]"
一通,車両（特定小型原動機付自転車・自転車を除く。） 終日,,,"[[34.8499375336989, 135.701472321669], [34.8498905764053, 135.702077511928], [34.849585395409, 135.702062587799], [34.8494632258574, 135.701895771037], [34.8494472809068, 135.701372661303]]"
一通,車両（特定小型原動機付自転車・自転車を除く。） 終日,,,"[[34.8072186836863, 135.674644037905], [34.8072354230124, 135.67460311728], [34.8072808154924, 135.674250599724], [34.8072994429907, 135.674130518897], [34.8073245403671, 135.674066580255], [34.8073749290012, 135.674007668404], [34.807427470635, 135.673971711317], [34.8075305627023, 135.673930462644], [34.8076672930107, 135.673873758431], [34.807839780029, 135.673801590228]]"
一通,車両（特定小型原動機付自転車・自転車を除く。） 終日,,,"[[34.8096907416666, 135.666736292934], [34.8093681177468, 135.66684263353], [34.8087800685877, 135.667081325713]]"
一通,車両（特定小型原動機付自転車・自転車を除く。） 終日,,,"[[34.8091763642295, 135.668390691831], [34.8097153197582, 135.666770416124]]"
一通,車両（特定小型原動機付自転車・自転車を除く。） 終日,,,"[[34.8060597226487, 135.636502965878], [34.8060703309055, 135.636366838457], [34.8062128578265, 135.633039208068], [34.8062128578265, 135.633039208068]]"
一通,車両（特定小型原動機付自転車・自転車を除く。） 終日,,,"[[34.8510239771897, 135.677326442715], [34.8509487720928, 135.678247767601]]"
一通,車両（特定小型原動機付自転車・自転車を除く。） 終日,,,"[[34.851370151613, 135.678364954579], [34.8513161711663, 135.677914986948], [34.8511017635074, 135.677339865433]]"
一通,車両（特定小型原動機付自転車・自転車を除く。） 終日,,,"[[34.8518314383914, 135.669510104795], [34.8518068751096, 135.669617807172], [34.8517294815642, 135.669961694999], [34.8515619468664, 135.670791176338], [34.8515283901347, 135.670930648161], [34.8514939164276, 135.671215804559], [34.8514648266148, 135.671562669561], [34.8514514864211, 135.67194747241]]"
一通,車両（特定小型原動機付自転車・自転車を除く。） 終日,,,"[[34.842262125235, 135.698834569611], [34.8421394150213, 135.698689457916], [34.8414060632092, 135.698058540791], [34.8412954142591, 135.698041832151]]"
一通,車両（特定小型原動機付自転車・自転車を除く。） 終日,,,"[[34.8393973434264, 135.710759036723], [34.8407227919039, 135.708510787783]]"
一通,車両（特定小型原動機付自転車・自転車を除く。） 終日,,,"[[34.8406559667998, 135.708431904286], [34.8392698587276, 135.710767138628]]"
一通,車両（特定小型原動機付自転車・自転車を除く。） 終日,,,"[[34.7819293248493, 135.649745990064], [34.7817207933059, 135.649724040817]]"
一通,車両（特定小型原動機付自転車・自転車を除く。） 終日,,,"[[34.790814541307, 135.630904116571], [34.7906349650049, 135.630696966604], [34.7905605894579, 135.630552088061], [34.7904503197385, 135.630276498502], [34.7903685031058, 135.630115535207]]"
一通,車両（特定小型原動機付自転車・自転車を除く。） 終日,,,"[[34.8529993554405, 135.689009681264], [34.8526804415344, 135.689459061141], [34.8525262227954, 135.689316601712], [34.8523629401745, 135.689580136645]]"
一通,車両（特定小型原動機付自転車・自転車を除く。） 終日,,,"[[34.8511554570123, 135.691379546922], [34.8522913246878, 135.689681230332]]"
一通,車両（特定小型原動機付自転車・自転車を除く。） 終日,,,"[[34.8510873033828, 135.691485097324], [34.8500902815441, 135.692985645427]]"
一通,車両（特定小型原動機付自転車・自転車を除く。） 終日,,,"[[34.8494320144856, 135.69397216003], [34.8500029622395, 135.693113626709]]"
一通,車両（特定小型原動機付自転車・自転車を除く。） 終日,,,"[[34.8496621644961, 135.692789511865], [34.8490152833035, 135.693441410478]]"
一通,車両（小型特殊自動車及び特定小型原動機付自転車・自転車を除く。） 終日,,,"[[34.8529382862608, 135.68632738364], [34.8529374613052, 135.685326330269]]"
一通,車両（小型特殊自動車及び特定小型原動機付自転車・自転車を除く。） 終日,,,"[[34.8524041169739, 135.685313514505], [34.8524052510123, 135.686336879831]]"
一通,車両（小型特殊自動車及び特定小型原動機付自転車・自転車を除く。） 終日,,,"[[34.8540209913692, 135.684152306708], [34.8540147812579, 135.685141938623]]"
一通,車両（小型特殊自動車及び特定小型原動機付自転車・自転車を除く。） 終日,,,"[[34.8518730097257, 135.68635006906], [34.8518714387047, 135.685307115469]]"
一通,車両（小型特殊自動車及び特定小型原動機付自転車・自転車を除く。） 終日,,,"[[34.8534804987772, 135.685162882481], [34.8534730042179, 135.684181991799]]"
一通,車両（小型特殊自動車及び特定小型原動機付自転車・自転車を除く。） 終日,,,"[[34.8524056311708, 135.685204339273], [34.8524115888801, 135.684174703098]]"
一通,車両（小型特殊自動車及び特定小型原動機付自転車・自転車を除く。） 終日,,,"[[34.8519297012877, 135.684116589973], [34.8523569105187, 135.684113552092]]"
一通,車両（小型特殊自動車及び特定小型原動機付自転車・自転車を除く。） 終日,,,"[[34.8518729999064, 135.684178569426], [34.8518708649788, 135.684573336763], [34.8518683725464, 135.685170324379]]"
一通,車両（小型特殊自動車及び特定小型原動機付自転車・自転車を除く。） 終日,,,"[[34.8529856433765, 135.685253316251], [34.8534371667678, 135.68524597191]]"
一通,車両（小型特殊自動車及び特定小型原動機付自転車・自転車を除く。） 終日,,,"[[34.8524679765962, 135.686414667702], [34.8528839646469, 135.686421165062]]"
一通,車両（小型特殊自動車及び特定小型原動機付自転車・自転車を除く。） 終日,,,"[[34.852885249304, 135.685246064236], [34.8524612792613, 135.685247673384]]"
一通,車両（特定小型原動機付自転車・自転車を除く。） 終日,,,"[[34.8539239149498, 135.688027215827], [34.8539239149498, 135.688027215827], [34.8542199966574, 135.687586422062]]"
一通,車両（特定小型原動機付自転車・自転車を除く。） 終日,,,"[[34.853848929663, 135.688144788571], [34.8534264797984, 135.688776787813], [34.8533811272173, 135.688849225775], [34.853251237638, 135.68909112043]]"
一通,車両（特定小型原動機付自転車・自転車を除く。） 終日,,,"[[34.8526436147779, 135.688491051102], [34.852930845052, 135.68806260839]]"
一通,車両（小型特殊自動車及び特定小型原動機付自転車・自転車を除く。） 終日,,,"[[34.8534462738254, 135.686398027866], [34.8531774593521, 135.686400782363], [34.8529864734607, 135.686403536321]]"
一通,車両（小型特殊自動車及び特定小型原動機付自転車・自転車を除く。） 終日,,,"[[34.8545632709383, 135.681498746439], [34.8545600078698, 135.682647446279]]"
一通,車両（小型特殊自動車及び特定小型原動機付自転車・自転車を除く。） 終日,,,"[[34.8535568786977, 135.682727084714], [34.8539446577305, 135.682713825867]]"
一通,車両（小型特殊自動車及び特定小型原動機付自転車・自転車を除く。） 終日,,,"[[34.8545015780259, 135.682716761951], [34.8540569968631, 135.68272424505]]"
一通,車両（小型特殊自動車及び特定小型原動機付自転車・自転車を除く。） 終日,,,"[[34.8513935648226, 135.682738573943], [34.8523507467565, 135.682752146517]]"
一通,車両（小型特殊自動車及び特定小型原動機付自転車・自転車を除く。） 終日,,,"[[34.8540800273589, 135.681438057774], [34.8545065242438, 135.68143023246]]"
一通,車両（小型特殊自動車及び特定小型原動機付自転車・自転車を除く。） 終日,,,"[[34.8539745763993, 135.681437991944], [34.8535456369755, 135.681442709843]]"
一通,車両（特定小型原動機付自転車・自転車を除く。） 終日,,,"[[34.8556118926989, 135.681349113272], [34.855620784242, 135.679252852912]]"
一通,車両（特定小型原動機付自転車・自転車を除く。） 終日,,,"[[34.8556166701268, 135.683291791308], [34.8556152942865, 135.682780321802]]"
一通,車両（特定小型原動機付自転車・自転車を除く。） 終日,,,"[[34.8546178268196, 135.682722759132], [34.8550019218004, 135.682724069778]]"
一通,車両（特定小型原動機付自転車・自転車を除く。） 終日,,,"[[34.8555580696458, 135.682714716855], [34.8551002432126, 135.682711402294]]"
一通,車両（特定小型原動機付自転車・自転車を除く。） 終日,,,"[[34.8555489081605, 135.681430860526], [34.8551209232485, 135.681438472968]]"
一通,車両（特定小型原動機付自転車・自転車を除く。） 終日,,,"[[34.8550059104167, 135.681439603021], [34.854603417616, 135.681442830741]]"
一通,車両（特定小型原動機付自転車・自転車を除く。） 終日,,,"[[34.8556740159295, 135.679198634613], [34.8558773431702, 135.679194415365]]"
一通,車両（特定小型原動機付自転車・自転車を除く。） 終日,,,"[[34.8556727852974, 135.680288626943], [34.8559108628073, 135.68028996334]]"
一通,車両（特定小型原動機付自転車・自転車を除く。） 終日,,,"[[34.7786154261315, 135.654604537807], [34.778880815566, 135.654419696652], [34.7797360189102, 135.653639035643], [34.7798675202121, 135.653563186834], [34.7814689673877, 135.65302940501]]"
一通,車両（特定小型原動機付自転車・自転車を除く。） 終日,,,"[[34.7917583199845, 135.649750058914], [34.7917142786222, 135.650078833888], [34.7916722349295, 135.650329893905], [34.7916329696254, 135.65061828378], [34.7916164767196, 135.650810321473]]"
一通,車両（特定小型原動機付自転車・自転車を除く。） 終日,,,"[[34.7945246763, 135.644061708354], [34.7947374934322, 135.643612974261], [34.794832542946, 135.643121968279], [34.7949381562112, 135.643027380737], [34.79511210403, 135.642966737381], [34.795234511112, 135.642989030795], [34.7954018989036, 135.643096710804], [34.7954021311535, 135.643176562752], [34.7952440895757, 135.64385612541], [34.7948954613907, 135.644533636151]]"
一通,車両（特定小型原動機付自転車・自転車を除く。） 終日,,,"[[34.8004432032867, 135.656390619322], [34.8005162140649, 135.656425136782], [34.8006488264839, 135.656451364679]]"
一通,車両（特定小型原動機付自転車・自転車を除く。） 終日,,,"[[34.8495761022179, 135.690397028514], [34.8488563931914, 135.690988581052]]"
一通,車両（特定小型原動機付自転車・自転車を除く。） 終日,,,"[[34.8133193483547, 135.664193595768], [34.8132886084522, 135.66509357835]]"
一通,車両（特定小型原動機付自転車・自転車を除く。） 終日,,,"[[34.813070378421, 135.665107924716], [34.8130989023388, 135.664375210432]]"
一通,車両（特定小型原動機付自転車・自転車を除く。） 終日,,,"[[34.8237683931731, 135.654059079407], [34.8238472412805, 135.654961093703], [34.823871867913, 135.655154112429]]"
一通,車両（特定小型原動機付自転車・自転車を除く。） 終日,,,"[[34.824026607731, 135.655055105152], [34.8239648314813, 135.654849767367], [34.8238842171682, 135.654017985159]]"
一通,車両（特定小型原動機付自転車・自転車を除く。） 終日,,,"[[34.82860694197, 135.654424939529], [34.8280881694607, 135.654336545651], [34.8279178946737, 135.654272863418]]"
一通,車両（特定小型原動機付自転車・自転車を除く。） 終日,,,"[[34.7816719350873, 135.651781660196], [34.7815963847148, 135.651792279202], [34.7814831107132, 135.651816800987], [34.7813367652383, 135.651858560403], [34.7812433375185, 135.651891008117], [34.7810932075578, 135.651927079583], [34.7810309513253, 135.651952535347], [34.7809196403964, 135.652007936975], [34.7806621535364, 135.652164655036], [34.7805243590253, 135.652201865266], [34.7804771176122, 135.652197484243], [34.7802313362717, 135.652146938043], [34.7799146849747, 135.652088657128], [34.7796093595129, 135.652031487538], [34.7793031507459, 135.651974376666]]"
一通,車両（特定小型原動機付自転車・自転車を除く。） 終日,,,"[[34.7787902001493, 135.652862961129], [34.7787282799868, 135.652895756333], [34.7785735663402, 135.653114612735], [34.777749124645, 135.652450575217]]"
一通,車両（特定小型原動機付自転車・自転車を除く。） 終日,,,"[[34.8072278726658, 135.653684787788], [34.8072100939364, 135.653574937305], [34.8072148130144, 135.653470363711], [34.8071954497002, 135.653304879593], [34.8071954497002, 135.653304879593], [34.8071498410151, 135.65321497217], [34.8070708172046, 135.653050155706], [34.8070708172046, 135.653050155706], [34.8070183183851, 135.652883700043], [34.8070183183851, 135.652883700043], [34.8070412570189, 135.652748406795]]"
一通,車両 終日,,,"[[34.8060315520073, 135.651531872346], [34.806207659857, 135.652108453876], [34.8064375989754, 135.652823465914], [34.8064375989754, 135.652823465914]]"
一通,車両（特定小型原動機付自転車・自転車を除く。） 終日,,,"[[34.8038284911745, 135.664543020667], [34.8036258116248, 135.664295908336]]"
一通,車両（特定小型原動機付自転車・自転車を除く。） 終日,,,"[[34.8259468623791, 135.697741057058], [34.8263368149224, 135.697444992426]]"
一通,車両（特定小型原動機付自転車・自転車を除く。） 終日,,,"[[34.8466906429548, 135.669382721322], [34.8465568224802, 135.671690296845], [34.8465600026229, 135.672265068543], [34.8466013169074, 135.672482178886], [34.8468043414274, 135.672886292102]]"
一通,車両（特定小型原動機付自転車・自転車を除く。） 終日,,,"[[34.8482138818272, 135.669394024386], [34.8478020739248, 135.668995503709], [34.8477553485334, 135.669491259209], [34.8476038919647, 135.67003778599], [34.8475285173716, 135.670440915057], [34.8476357798768, 135.670517339067], [34.8476232061929, 135.670718809305], [34.8475995160161, 135.670846097728], [34.8475267068052, 135.671389674119], [34.8475228524567, 135.671585795099]]"
一通,車両（特定小型原動機付自転車・自転車を除く。） 終日,,,"[[34.8468632553097, 135.672818657656], [34.8468430341003, 135.671986141096], [34.8469642836666, 135.66953412693]]"
一通,車両（特定小型原動機付自転車・自転車を除く。） 終日,,,"[[34.8269027279508, 135.682343963084], [34.8269075948267, 135.682990167916]]"
一通,車両（特定小型原動機付自転車・自転車を除く。） 終日,,,"[[34.8310034169497, 135.682426727067], [34.8307350644357, 135.682465702051], [34.829169262896, 135.682539697187]]"
一通,車両（特定小型原動機付自転車・自転車を除く。） 終日,,,"[[34.8291710592589, 135.682658067239], [34.8292610776184, 135.68265293436], [34.8305374666712, 135.682586324333], [34.8308509667011, 135.682675352013]]"
一通,車両（特定小型原動機付自転車・自転車を除く。） 終日,,,"[[34.8333009152966, 135.682333886351], [34.832062411809, 135.682384592475]]"
一通,車両（特定小型原動機付自転車・自転車を除く。） 終日,,,"[[34.8320674379931, 135.682513985501], [34.8332850959025, 135.682448175146]]"
一通,車両（特定小型原動機付自転車・自転車を除く。） 終日,,,"[[34.8200671974771, 135.65447471758], [34.8198666790658, 135.654494047694], [34.8197112955796, 135.654512435473], [34.8194920370495, 135.65458651021], [34.8193275409232, 135.654640352756], [34.8189727654319, 135.654646265893]]"
一通,車両（特定小型原動機付自転車・自転車を除く。） 終日,,,"[[34.829664355825, 135.698739078338], [34.8299273309813, 135.697714596386]]"
一通,車両（特定小型原動機付自転車・自転車を除く。） 終日,,,"[[34.7812526392495, 135.661714853327], [34.7814228475802, 135.661895635594], [34.7817117659147, 135.662281656304]]"
一通,車両（特定小型原動機付自転車・自転車を除く。） 終日,,,"[[34.8228122482549, 135.707532472058], [34.8228243354734, 135.707527816604], [34.8229311442101, 135.70753779541], [34.8230806203028, 135.70753210195], [34.823238621245, 135.707521186056], [34.8234095285615, 135.707546474824], [34.8235463059049, 135.707587428109], [34.8236488946184, 135.707623341245], [34.8237385520264, 135.707612653471], [34.8239435149024, 135.707591231887]]"
一通,車両（特定小型原動機付自転車・自転車を除く。） 終日,,,"[[34.8016493855206, 135.660681739844], [34.8020386476803, 135.660383453931], [34.8021376258738, 135.66031998996], [34.8022350434288, 135.660272280848], [34.8024996173356, 135.660141080101], [34.8025759301307, 135.660109249179], [34.8026669050422, 135.66008521628], [34.8029885712363, 135.660009027374], [34.8032989454122, 135.659966370646]]"
一通,車両（特定小型原動機付自転車・自転車を除く。） 終日,,,"[[34.7993728496355, 135.662982732513], [34.7993700040396, 135.662980612958], [34.7990685091075, 135.662792824236], [34.7990165658155, 135.662806159773], [34.7988877393965, 135.663195168307]]"
一通,車両（特定小型原動機付自転車・自転車を除く。） 終日,,,"[[34.8067341723793, 135.625335558611], [34.8064711051822, 135.625336739941]]"
一通,車両（特定小型原動機付自転車・自転車を除く。） 終日,,,"[[34.8067832105089, 135.625173131937], [34.8067795682712, 135.62697806541], [34.806779358829, 135.627249033446], [34.8067733814765, 135.627698125366]]"
一通,車両（特定小型原動機付自転車・自転車を除く。） 終日,,,"[[34.8517559343605, 135.670023604405], [34.8517564740482, 135.670224485697], [34.8517404604303, 135.670340563104], [34.8517034672657, 135.670462377451], [34.8516385221249, 135.670598442203]]"
一通,車両（特定小型原動機付自転車・自転車を除く。） 終日,,,"[[34.8240061099881, 135.671697485178], [34.8238863011368, 135.670833220502], [34.8238412434803, 135.670688957375]]"
一通,車両（特定小型原動機付自転車・自転車を除く。） 終日,,,"[[34.8244469148465, 135.67144862566], [34.8244375400932, 135.671361787136], [34.8244390695904, 135.671280294843], [34.8244665242991, 135.671071102854], [34.824472079049, 135.670733908724], [34.8245192499017, 135.670642254387], [34.8246241715887, 135.670390939729]]"
一通,車両（特定小型原動機付自転車・自転車を除く。） 終日,,,"[[34.8152986435323, 135.647515175778], [34.8152961499463, 135.6475101801], [34.8151899264742, 135.647348321102], [34.81513919656, 135.647260293109], [34.8150984753013, 135.647182322658], [34.8150502800385, 135.647085353474], [34.8150228418713, 135.647027362474], [34.814910482637, 135.646773286246], [34.8148680510672, 135.646671275805], [34.814831412444, 135.646574247072], [34.8147779559917, 135.646394741665], [34.8147578907969, 135.646333320264], [34.814704394534, 135.64611848749], [34.814643102353, 135.645879651733], [34.8145784415968, 135.645614105298], [34.8145458119079, 135.64539246207], [34.8145060410558, 135.644987849083], [34.8145003890443, 135.644938455901], [34.8144887060567, 135.644712755789], [34.8144826963494, 135.644173082337], [34.8144770668163, 135.64375502136]]"
一通,車両（特定小型原動機付自転車・自転車を除く。） 終日,,,"[[34.8158888176058, 135.663725359154], [34.8160824388772, 135.663310527766], [34.8164981482892, 135.662709220026], [34.8168133009848, 135.662341438426]]"
一通,車両（特定小型原動機付自転車・自転車を除く。） 終日,,,"[[34.8167742277073, 135.662285259564], [34.8165070780222, 135.662554818403], [34.8162489942846, 135.66290485506], [34.8158018116398, 135.663730859875]]"
一通,車両（特定小型原動機付自転車・自転車を除く。） 終日,,,"[[34.8180389224661, 135.661780072249], [34.8187012695246, 135.661862245244], [34.8187352101069, 135.661851801102], [34.8187671237485, 135.66187227071], [34.8192919020266, 135.661944808537], [34.820232472097, 135.662191736973]]"
一通,車両（特定小型原動機付自転車・自転車を除く。） 終日,,,"[[34.8202262772326, 135.662134325961], [34.8200552115032, 135.662089778595], [34.8199785790348, 135.661994011764], [34.8199020584258, 135.6619384355], [34.8196700271235, 135.661900943865], [34.8193933060773, 135.661858398072], [34.8184017431372, 135.661710460355], [34.8180358100835, 135.661701468713]]"
一通,車両（特定小型原動機付自転車・自転車を除く。） 終日,,,"[[34.8515193219797, 135.674201264819], [34.8525283658581, 135.674669431146]]"
一通,車両（特定小型原動機付自転車・自転車を除く。） 終日,,,"[[34.8525556363756, 135.674542526457], [34.8515544477198, 135.67405922885]]"
一通,車両（特定小型原動機付自転車・自転車を除く。） 終日,,,"[[34.8502185804906, 135.673569619129], [34.8506686476051, 135.673783059819]]"
一通,車両（特定小型原動機付自転車・自転車を除く。） 終日,,,"[[34.8507119067591, 135.673655627348], [34.8500362240304, 135.673339313161]]"
一通,車両（特定小型原動機付自転車・自転車を除く。） 終日,,,"[[34.8221391351152, 135.650067656339], [34.8211995595377, 135.650379094734], [34.8207592566915, 135.650443016594], [34.8202032190848, 135.650409261462], [34.8197553285766, 135.650314448465]]"
一通,車両（特定小型原動機付自転車・自転車を除く。） 終日,,,"[[34.8099768678988, 135.705008577083], [34.8098809752801, 135.704918307973], [34.8093703914165, 135.704228214688], [34.8091055733182, 135.703994623901], [34.8087070331843, 135.70354364745], [34.8085226289058, 135.703348246637]]"
一通,車両（特定小型原動機付自転車・自転車を除く。） 終日,,,"[[34.856064538523, 135.684341877076], [34.8564891168468, 135.685019502393], [34.8572684526255, 135.686453173651], [34.8573753116783, 135.686622586811], [34.8576672812551, 135.6869271515]]"
一通,車両（特定小型原動機付自転車・自転車を除く。） 終日,,,"[[34.8146440248382, 135.653829502169], [34.8151869379593, 135.653546441824], [34.8158373988114, 135.653307690401]]"
一通,車両（特定小型原動機付自転車・自転車を除く。） 終日,,,"[[34.8136898594781, 135.641033932002], [34.8139807921311, 135.6415188667], [34.8142118225662, 135.642002040514], [34.8143545853436, 135.642457351901], [34.8144463221874, 135.643100497007], [34.8144795837013, 135.6436692599]]"
一通,車両（特定小型原動機付自転車・自転車を除く。） 終日,,,"[[34.8143567630842, 135.643742901189], [34.8143561668508, 135.644749349596], [34.814389683799, 135.645213385359], [34.8144880636687, 135.645811525969], [34.8146147481572, 135.646322867623], [34.8146512330005, 135.646543970326], [34.8148499211697, 135.64721551399], [34.815069560381, 135.647700449327]]"
一通,車両（特定小型原動機付自転車・自転車を除く。） 終日,,,"[[34.8502873617966, 135.683991162879], [34.8502777379718, 135.683557507565], [34.8502917209376, 135.683082634684], [34.8505409448052, 135.681237938854], [34.8505521345548, 135.680991228627], [34.8505411043076, 135.680668559915], [34.8505855388525, 135.680181243566], [34.8505829734845, 135.679862664765], [34.8506380782424, 135.678312625423]]"
一通,車両（特定小型原動機付自転車・自転車を除く。） 終日,,,"[[34.8144028423891, 135.659732777461], [34.8141587478858, 135.659688874773], [34.8139474381326, 135.659692396643]]"
一通,車両（特定小型原動機付自転車・自転車を除く。） 終日,,,"[[34.8137387487392, 135.652932875166], [34.8142763861747, 135.652514098536]]"
一通,車両（特定小型原動機付自転車・自転車を除く。） 午後５時から午後９時まで,1700.0,2100.0,"[[34.8028234698873, 135.655841937513], [34.8024928458613, 135.656130942763], [34.8024236043798, 135.656175856185], [34.8024236043798, 135.656175856185], [34.8022787059282, 135.656283875843], [34.8021332513755, 135.656369147656], [34.8021332513755, 135.656369147656], [34.8021332513755, 135.656369147656], [34.801877225606, 135.656470030696], [34.801877225606, 135.656470030696], [34.8016571949688, 135.656531222523]]"
一通,車両（特定小型原動機付自転車・自転車を除く。） 終日,,,"[[34.8251369627637, 135.710918609416], [34.8252492944088, 135.710664273185], [34.825366047196, 135.710284351271]]"
一通,車両（特定小型原動機付自転車・自転車を除く。） 終日,,,"[[34.8208027450587, 135.68281816951], [34.8207863540875, 135.685680720637]]"
一通,車両（特定小型原動機付自転車・自転車を除く。） 終日,,,"[[34.8209050071044, 135.685669579926], [34.8209080229003, 135.682020244824]]"
一通,車両（特定小型原動機付自転車・自転車を除く。） 終日,,,"[[34.8074559889041, 135.625085568219], [34.807460555145, 135.625104729326], [34.807563504526, 135.625436693991], [34.8080005230675, 135.626816669951], [34.8084993727518, 135.628405241984]]"
一通,車両（特定小型原動機付自転車・自転車を除く。） 終日,,,"[[34.8034601698801, 135.671600041747], [34.8036559797926, 135.671762222373], [34.803706365911, 135.671799543348], [34.8037702882186, 135.671828624996], [34.8038847651026, 135.671847266547], [34.8042027535351, 135.671875728341]]"
一通,車両（特定小型原動機付自転車・自転車を除く。） 終日,,,"[[34.8076429474747, 135.628729463347], [34.8079873148135, 135.628658296462], [34.8083175203199, 135.628525099853]]"
一通,車両（特定小型原動機付自転車・自転車を除く。） 終日,,,"[[34.8015932859334, 135.631454803545], [34.8016481287301, 135.631387829025], [34.8017080930313, 135.63135113796], [34.8017531397454, 135.631353988304], [34.802154067643, 135.631531170904], [34.8024697956274, 135.631663276659], [34.8027587491598, 135.631783304441], [34.803109547742, 135.631925388579]]"
一通,車両（特定小型原動機付自転車・自転車を除く。） 終日,,,"[[34.802438923229, 135.701000537287], [34.802655299988, 135.700349289356], [34.8027091715505, 135.700094996505], [34.802791720921, 135.699566205498], [34.8028374854043, 135.699428815861], [34.8030156258472, 135.698574430071], [34.8029986578128, 135.698493168503], [34.8028559172219, 135.698402230818], [34.8025499597952, 135.698423665696]]"
一通,車両（特定小型原動機付自転車・自転車を除く。） 終日,,,"[[34.7849361950485, 135.645006990845], [34.7843336807273, 135.645166158869]]"
一通,車両（特定小型原動機付自転車・自転車を除く。） 終日,,,"[[34.8268410080789, 135.678585388689], [34.8267255157777, 135.678567153174], [34.8265166382151, 135.678528268065], [34.8263328866444, 135.678517304752], [34.8262530929963, 135.67855022448], [34.8262012056659, 135.678574935323], [34.8261050980188, 135.678602124154], [34.8258714159526, 135.67862635863]]"
一通,車両（特定小型原動機付自転車・自転車を除く。） 終日,,,"[[34.8143412839057, 135.714439484956], [34.814403964195, 135.714186736547], [34.8144353425599, 135.714074752414], [34.8144691088198, 135.713866864209], [34.8145818818399, 135.713617156287], [34.8146709271436, 135.713367529208], [34.8147650775558, 135.713050746745], [34.8148485143677, 135.712660479538], [34.8148873026329, 135.712343886639]]"
一通,車両（特定小型原動機付自転車・自転車を除く。） 終日,,,"[[34.8148491639765, 135.711749631953], [34.8148205979967, 135.711928745266], [34.8147972341861, 135.712085454086], [34.8147636504798, 135.712376439662], [34.8147195443047, 135.712670664006], [34.8146594317826, 135.712894636155], [34.8145915215422, 135.713156980038], [34.8145155491496, 135.713365025113], [34.8144317501549, 135.713595450088], [34.8143873284094, 135.713765018832], [34.814369342718, 135.713963266393], [34.8143434958505, 135.714180713375], [34.8143097696839, 135.714417370678]]"
一通,車両（特定小型原動機付自転車・自転車を除く。） 終日,,,"[[34.8155355833183, 135.703428723174], [34.8156165707842, 135.70324206579], [34.8156447742083, 135.703180949911]]"
一通,車両（特定小型原動機付自転車・自転車を除く。） 終日,,,"[[34.8147133896559, 135.703349590913], [34.8152549095353, 135.703370808759], [34.8154888691267, 135.703462512667]]"
一通,車両 終日,,,"[[34.8266571766392, 135.723125786792], [34.8259458036754, 135.723180747108], [34.8250300884967, 135.723036453525]]"
一通,車両（特定小型原動機付自転車・自転車を除く。） 終日,,,"[[34.7664730079876, 135.67172027576], [34.76648181122, 135.671630867149], [34.7664969462509, 135.671486602357], [34.7665573535609, 135.67133117128], [34.7665752949879, 135.671268371217], [34.7665724607958, 135.671185295523], [34.7665657103306, 135.671097470319], [34.7665497933577, 135.670945484447], [34.7665521809742, 135.670876490724], [34.7665880638759, 135.670754084747], [34.7666213916142, 135.670637956009], [34.7666482757806, 135.670529659978], [34.7666570510169, 135.670424613906], [34.766663215651, 135.670333594366], [34.7666605209171, 135.670291292718], [34.7666446876951, 135.670169081899], [34.7666261321211, 135.670015512877], [34.7666231582019, 135.669872887076], [34.7666396265935, 135.669741121116], [34.7666715370714, 135.669571691714], [34.7667086697198, 135.66944142532], [34.7667305559171, 135.669433397964], [34.7667383048694, 135.669423954272], [34.7668752042893, 135.669345015089], [34.7668906465559, 135.669319878278], [34.7671506087691, 135.668817226063], [34.7672428713623, 135.668514224656], [34.7671598240558, 135.668407957788], [34.7670663053092, 135.668270416154], [34.7669077087707, 135.667985722251], [34.7668272167558, 135.667882593956], [34.7668215201501, 135.667685084323], [34.7668342957066, 135.667634866508], [34.7669451137194, 135.667474518453], [34.7669528068554, 135.667446270924], [34.7669852970664, 135.6670291697], [34.7670129841286, 135.666740612347], [34.7670509195403, 135.666420668822]]"
一通,車両（特定小型原動機付自転車・自転車を除く。） 終日,,,"[[34.7901203665657, 135.669853651013], [34.7912964380836, 135.670423464536], [34.7918627554749, 135.670718183219], [34.792591217376, 135.671096791835]]"
一通,車両（特定小型原動機付自転車・自転車を除く。） 終日,,,"[[34.7926554837403, 135.670946468672], [34.7921218841721, 135.670682432224], [34.7907207829285, 135.66995695327], [34.7901598984831, 135.669751247426]]"
一通,車両（特定小型原動機付自転車・自転車を除く。） 終日,,,"[[34.766966409787, 135.665991142844], [34.7669418670265, 135.66562055634], [34.7669929979742, 135.664528265536], [34.76711190532, 135.664131439788]]"
一通,車両（特定小型原動機付自転車・自転車を除く。） 終日,,,"[[34.7941150940462, 135.67160112437], [34.7934617346739, 135.671351505728], [34.792932494722, 135.671089184382]]"
一通,車両（特定小型原動機付自転車・自転車を除く。） 終日,,,"[[34.7929746441583, 135.671264003653], [34.7935179177093, 135.671518774532], [34.7941342216722, 135.671743723323]]"
一通,車両（特定小型原動機付自転車・自転車を除く。） 終日,,,"[[34.7943010625694, 135.689335404676], [34.7946911901276, 135.689517358817], [34.7947351298386, 135.689521247336], [34.7951573939048, 135.689768194773], [34.7955046636216, 135.689887738324]]"
一通,車両（特定小型原動機付自転車・自転車を除く。） 終日,,,"[[34.7938603020711, 135.668510851376], [34.7942678694722, 135.669278379491]]"
一通,車両（特定小型原動機付自転車・自転車を除く。） 終日,,,"[[34.793958861678, 135.669787957497], [34.7934969871699, 135.668909739191]]"
一通,車両（特定小型原動機付自転車・自転車を除く。） 終日,,,"[[34.7944365910809, 135.673738228823], [34.7946415388432, 135.673268838324]]"
一通,車両（特定小型原動機付自転車・自転車を除く。） 終日,,,"[[34.794236403131, 135.672989644488], [34.7939147964026, 135.67281977558], [34.7931624196843, 135.672570329208], [34.7929431411249, 135.672393669884], [34.7927977132663, 135.672126874036], [34.792667235497, 135.671511372111], [34.7929030825021, 135.671283704253]]"
一通,車両（特定小型原動機付自転車・自転車を除く） 終日,,,"[[34.7855593806486, 135.675232803754], [34.7855648466776, 135.675004492399], [34.7855322831233, 135.674943255607], [34.785412562696, 135.674865171683], [34.7848282564591, 135.674484478606], [34.7855648466776, 135.675004492399], [34.7855322831233, 135.674943255607], [34.785412562696, 135.674865171683], [34.7848282564591, 135.674484478606], [34.7844773338909, 135.674277220205]]"
一通,車両（特定小型原動機付自転車・自転車を除く。） 終日,,,"[[34.7669876628838, 135.664000793812], [34.7668021223765, 135.664376388471], [34.7665997232555, 135.664877001407], [34.7665753545294, 135.664945518289], [34.7664016319119, 135.6651574377]]"
一通,車両（特定小型原動機付自転車・自転車を除く。） 終日,,,"[[34.7679881513959, 135.667245984569], [34.769596852491, 135.670096904128]]"
一通,車両（特定小型原動機付自転車・自転車を除く。） 終日,,,"[[34.79375456265, 135.691676575365], [34.7943214701625, 135.690372176881]]"
一通,車両（特定小型原動機付自転車・自転車を除く。） 終日,,,"[[34.7762013074205, 135.677415913387], [34.7758183310917, 135.67657150008]]"
一通,車両（特定小型原動機付自転車・自転車を除く。） 終日,,,"[[34.7758088381414, 135.676679796739], [34.7761474660446, 135.677448439685]]"
一通,車両（特定小型原動機付自転車・自転車を除く。） 終日,,,"[[34.794735805358, 135.669257093694], [34.794679241548, 135.669153054555]]"
一通,車両（特定小型原動機付自転車・自転車を除く。） 終日,,,"[[34.7658222515708, 135.685021804578], [34.7658294579461, 135.685019614276], [34.7661604911557, 135.685019845372], [34.7662289430359, 135.684995683684], [34.766447204537, 135.684782444749]]"
一通,車両（特定小型原動機付自転車・自転車を除く。） 終日,,,"[[34.7693366322889, 135.669694868827], [34.7691784505206, 135.669419364541]]"
一通,車両（特定小型原動機付自転車・自転車を除く。） 終日,,,"[[34.7699272323384, 135.66972351021], [34.7697933667906, 135.669695778602], [34.7697430329721, 135.669694481438], [34.7695504819337, 135.669760694544], [34.7694437083961, 135.669767071653]]"
一通,車両（特定小型原動機付自転車・自転車を除く。） 終日,,,"[[34.7952945732011, 135.670458314433], [34.795209988942, 135.670924903507], [34.7952160653028, 135.671058102953], [34.7952806848493, 135.671247962794], [34.7953018726623, 135.671458801088], [34.7953788764912, 135.671998320819]]"
一通,車両（特定小型原動機付自転車・自転車を除く。） 終日,,,"[[34.7850260231504, 135.672957920591], [34.7847211708388, 135.673084761897], [34.7845370725088, 135.673150617484], [34.78406907892, 135.673292061471]]"
一通,車両（特定小型原動機付自転車・自転車を除く。） 終日,,,"[[34.8006423688114, 135.674211902756], [34.8007083975213, 135.674199623181], [34.8007992565117, 135.674205290076], [34.8009728581345, 135.674272676862], [34.8011829329196, 135.674389986741]]"
一通,車両（特定小型原動機付自転車・自転車を除く。） 終日,,,"[[34.7668425508963, 135.663889863451], [34.7665106351186, 135.663708231563], [34.7661122642171, 135.663468872752], [34.7654114610628, 135.663056695272]]"
一通,車両（特定小型原動機付自転車・自転車を除く。） 終日,,,"[[34.7987972138897, 135.697682180331], [34.7972913157697, 135.697475882588]]"
一通,車両（特定小型原動機付自転車・自転車を除く。） 終日,,,"[[34.765513133117, 135.668231580865], [34.7653214895975, 135.668180268494], [34.7651666816577, 135.668125860156], [34.7650757269626, 135.668081597431], [34.7649747448394, 135.66796001038]]"
一通,車両（特定小型原動機付自転車・自転車を除く。） 終日,,,"[[34.7700741651367, 135.669531062719], [34.769258372869, 135.66770249189]]"
一通,車両（特定小型原動機付自転車・自転車を除く。） 終日,,,"[[34.7975249771073, 135.696000495444], [34.7975921050921, 135.696001704275], [34.7977807688516, 135.696204402807], [34.7980258365831, 135.695953623756]]"
一通,車両（特定小型原動機付自転車・自転車を除く。） 終日,,,"[[34.7930597881974, 135.670125785792], [34.7931935348196, 135.670401630315], [34.7933224421038, 135.670452284623], [34.7939271424868, 135.670025118914], [34.7939774563424, 135.669899533693]]"
一通,車両（特定小型原動機付自転車・自転車を除く。） 終日,,,"[[34.7765153448501, 135.685275458939], [34.776439281047, 135.68513444634], [34.7763647285618, 135.684912207574]]"
一通,車両（特定小型原動機付自転車・自転車を除く。） 終日,,,"[[34.7640027605792, 135.663373437404], [34.7640584760315, 135.663356549232], [34.764213539899, 135.663266749596], [34.7646141839874, 135.663029570906], [34.7647451954373, 135.662961241875], [34.7649338111369, 135.662884496082]]"
一通,車両（特定小型原動機付自転車・自転車を除く。） 終日,,,"[[34.7592319586514, 135.667782174325], [34.7589958399721, 135.667497953182]]"
一通,車両（特定小型原動機付自転車・自転車を除く。） 午前７時から午前９時まで,700.0,900.0,"[[34.7682548950418, 135.671781971337], [34.768224203911, 135.671773647557], [34.7681350249525, 135.671789183849], [34.7679553018403, 135.67184228546], [34.7676513760965, 135.671853620068], [34.7674493093886, 135.671891591468], [34.7673071595069, 135.671917495698], [34.767032432058, 135.671891528462], [34.7665287441358, 135.671765118172]]"
一通,車両（特定小型原動機付自転車・自転車を除く。） 終日,,,"[[34.7742701537041, 135.682883795201], [34.773851134028, 135.682100115733], [34.7737245057133, 135.682016083036], [34.7735830358026, 135.681807091349], [34.7735740136051, 135.681687397628]]"
一通,車両（特定小型原動機付自転車・自転車を除く。） 終日,,,"[[34.7734597029422, 135.681659703065], [34.7733282761501, 135.681664237522], [34.7730243223832, 135.68186906554], [34.7728347965989, 135.681926240092], [34.7724490391566, 135.682020457501], [34.7721864616335, 135.68213841282]]"
一通,車両 終日,,,"[[34.8105908426005, 135.632515482544], [34.8104460750107, 135.632456377257], [34.8102715529561, 135.632329658978], [34.8101132064774, 135.632123178943], [34.8101057216218, 135.631820417374], [34.8102168884339, 135.631636673112], [34.8103808604749, 135.631532353168], [34.8105813725821, 135.631551392156], [34.8107197191719, 135.631666322625], [34.8108818855456, 135.632048072783], [34.8109562513352, 135.632736976826], [34.8110379987502, 135.633696785995], [34.8111411805191, 135.634134587894], [34.8112666860889, 135.634345196657]]"
一通,車両 終日,,,"[[34.8093527392333, 135.632752023694], [34.8101714851073, 135.632927689426], [34.8105861619175, 135.633140999401], [34.8111624764892, 135.633564770669]]"
一通,車両 終日,,,"[[34.8111917577041, 135.633469024794], [34.8111092321453, 135.633341898576], [34.8106547685292, 135.633013208639], [34.8104636362366, 135.63283078599], [34.8100941664848, 135.63235034527], [34.8099195783415, 135.632207702967], [34.809669842601, 135.632208805242], [34.8089742321652, 135.632542537417]]"
一通,車両 終日,,,"[[34.8112376014412, 135.633413035505], [34.8111532452006, 135.632680342802]]"
一通,車両 終日,,,"[[34.8155725935804, 135.648916261668], [34.8154486190366, 135.649100290214]]"
一通,車両 終日,,,"[[34.8159272292297, 135.649133783097], [34.815689213783, 135.648914107452], [34.8155317833459, 135.648813346488], [34.8154205455118, 135.649046826454]]"
一通,車両 終日,,,"[[34.8154219660494, 135.649145513789], [34.8158074070925, 135.649526309661], [34.8159642818632, 135.649440650252]]"
一通,車両 終日,,,"[[34.815645248777, 135.648958158249], [34.8155968215649, 135.649024154888], [34.8155656222808, 135.649177808683]]"
一通,車両 終日,,,"[[34.815947542305, 135.649375376715], [34.815960167363, 135.649358041885], [34.8159727024252, 135.649315741536], [34.8159757849966, 135.649281154479], [34.8159708846717, 135.649229319561]]"
一通,車両 終日,,,"[[34.7898100424525, 135.651110859006], [34.7896245697775, 135.651166948479], [34.7896426284894, 135.651431937186], [34.789839310195, 135.651436830697]]"
一通,車両（特定小型原動機付自転車・自転車を除く。） 終日,,,"[[34.8609299930603, 135.676117924837], [34.8609842820026, 135.676094439845], [34.8614706464069, 135.676222481878], [34.861583954887, 135.676148359183], [34.8616203517937, 135.676014384227], [34.8616008109605, 135.675880627425], [34.8614661833633, 135.675760914475], [34.8611594743241, 135.675853258571], [34.8608769761367, 135.676023103046]]"
一通,車両（特定小型原動機付自転車・自転車を除く。） 終日,,,"[[34.8610922654403, 135.675830258622], [34.8611015374083, 135.675709984516], [34.8611428887124, 135.675630302343], [34.8611266390561, 135.675533379279], [34.861048158791, 135.675483278816], [34.8609699319168, 135.675522355038], [34.860814495934, 135.67597873625]]"
一通,車両（特定小型原動機付自転車・自転車を除く。） 終日,,,"[[34.776110034495, 135.684476764908], [34.77605342365, 135.684505790098], [34.7758490145238, 135.684657259818], [34.7758455703395, 135.684737050773], [34.7759190150693, 135.684858668239]]"
一通,車両（特定小型原動機付自転車・自転車を除く。） 終日,,,"[[34.7761519095958, 135.684542890659], [34.7760825212453, 135.68449430631]]"
一通,車両（特定小型原動機付自転車・自転車を除く。） 終日,,,"[[34.775951645385, 135.684930226879], [34.7759682181736, 135.684834041354], [34.7761697454192, 135.684700772413], [34.7762164522631, 135.68464524669], [34.7761257871802, 135.684433003372]]"
一通,車両（特定小型原動機付自転車・自転車を除く。） 終日,,,"[[34.7758813715746, 135.684682451363], [34.7758871471974, 135.68473694775], [34.7759167809718, 135.68478622963], [34.7759618227351, 135.684808215819]]"
一通,車両 終日,,,"[[34.8288822960287, 135.654467383321], [34.8288822960287, 135.654467383321], [34.8288822960287, 135.654467383321], [34.8288822960287, 135.654467383321], [34.8289167631995, 135.654447162506], [34.828949786521, 135.654441745809], [34.8290009182862, 135.654425107688], [34.8290194433129, 135.654412803031], [34.8290557421193, 135.654338615292], [34.8290737651946, 135.654251873551], [34.8290486557103, 135.654191491055], [34.8287474689605, 135.654057731629]]"
一通,車両 終日,,,"[[34.7871525355596, 135.674662737614], [34.7872200395068, 135.674676100349], [34.7872280797983, 135.674685804842], [34.7872878730153, 135.674816038532], [34.7873135758757, 135.67481982839], [34.7873696819997, 135.674774820642], [34.78737281699, 135.674743655927], [34.7873179040333, 135.674634841629], [34.7870768430515, 135.674591002926], [34.7870319615035, 135.674626220168]]"
一通,車両 終日,,,"[[34.7868706687863, 135.674671331738], [34.787002099261, 135.674961571245], [34.7870406886156, 135.674977002674], [34.7871625948516, 135.674911622728], [34.7871838823974, 135.674862227009], [34.7871428419418, 135.674732565087], [34.7871128167692, 135.67471712225], [34.7870120848823, 135.674694142237], [34.7869540549339, 135.674616482045]]"
一通,車両 終日,,,"[[34.8009770142122, 135.697325058012], [34.8009974184061, 135.697402960768], [34.8010397184153, 135.697418402615], [34.8013522548305, 135.697461825132], [34.801385288043, 135.697448328375], [34.8013978910172, 135.697339114569], [34.8013793754542, 135.697281259005], [34.8012966480717, 135.697274881876], [34.8011164875442, 135.697246563804], [34.8010887567764, 135.697184282972]]"
一通,車両 終日,,,"[[34.8008561428221, 135.697452642012], [34.800683342443, 135.697433214845], [34.8006595028247, 135.69745335559], [34.8006467233707, 135.697491270026], [34.8006505151365, 135.697533583255], [34.8006855011503, 135.697562428415], [34.8007296381488, 135.697573404695], [34.8007737165578, 135.697564337871], [34.8008764843052, 135.697501583696]]"
一通,車両 終日,,,"[[34.8628144534994, 135.676912958075], [34.8626660945903, 135.676781445407], [34.8626208487294, 135.676779835056], [34.8625809092385, 135.676792723182], [34.8622809000666, 135.677290538295], [34.8622835709232, 135.677338950068], [34.8624772075234, 135.677518846225]]"
一通,車両 終日,,,"[[34.8142644581135, 135.716088979905], [34.814056912386, 135.716588080944], [34.8139876247286, 135.716930276625], [34.8139291636857, 135.717094986136], [34.8138275454717, 135.717425349347], [34.8137098446911, 135.717732130984], [34.8137106807998, 135.717826234637], [34.8137801752782, 135.717877452643], [34.8138550281157, 135.717856343027], [34.8139168239244, 135.717744685011], [34.8140621582831, 135.717363631193], [34.814016541544, 135.717031768526], [34.8140590068695, 135.716952163483], [34.8140590068695, 135.716952163483], [34.8141350268197, 135.716954801834], [34.8146367368955, 135.717331465038], [34.8146895375215, 135.717347269191], [34.8147785834894, 135.717334964272]]"
一通,車両 終日,,,"[[34.814127816151, 135.717298941588], [34.8142026091012, 135.717144231186], [34.8142665744252, 135.717135676046], [34.8143095710411, 135.717169339922], [34.8147933945526, 135.717548336722], [34.8152430154926, 135.716744729608], [34.8144224130542, 135.716072730174]]"
一通,車両 終日,,,"[[34.8152157207216, 135.716915475873], [34.8151839622475, 135.716804197697], [34.8151549534776, 135.71674698542], [34.8144027246279, 135.716122515412]]"
一通,車両（特定小型原動機付自転車・自転車を除く。） 終日,,,"[[34.7931857374884, 135.7303266199], [34.7931807504235, 135.730284957614], [34.7932248112479, 135.730217817236], [34.7932750835009, 135.730183418104], [34.793337584614, 135.730126643048], [34.7933436702568, 135.730098342324], [34.7932586355734, 135.729969101598], [34.7932095170336, 135.729970757608], [34.7931471253915, 135.730081121951], [34.7930678332194, 135.730315100521]]"
一通,車両（特定小型原動機付自転車・自転車を除く。） 終日,,,"[[34.826203027546, 135.696285410663], [34.8261786428518, 135.696369014066], [34.8261998761634, 135.697057363031], [34.8261998761634, 135.697057363031], [34.8263070329193, 135.697126826459], [34.8263600831026, 135.697137102241], [34.8263908706154, 135.697687776105]]"
一通,車両（特定小型原動機付自転車・自転車を除く。） 終日,,,"[[34.8135653526327, 135.650909168035], [34.8136621878059, 135.65108079599], [34.8137660637757, 135.65126512881]]"
一通,車両（特定小型原動機付自転車・自転車を除く。） 終日,,,"[[34.8089250314847, 135.637751530578], [34.8096670290783, 135.638197317374], [34.8099042176455, 135.638336136224], [34.8103741033579, 135.63846414079], [34.8108641891363, 135.638582232759], [34.8111113848282, 135.638681760737]]"
一通,車両（特定小型原動機付自転車・自転車を除く。） 終日,,,"[[34.8109180307068, 135.638668915586], [34.8109725027021, 135.638968504493], [34.8109090674533, 135.639118697737], [34.8106347779701, 135.639749517024]]"
一通,車両（特定小型原動機付自転車・自転車を除く。） 終日,,,"[[34.8090696971351, 135.636609531929], [34.8095100086544, 135.63669002239], [34.8098247535174, 135.636671292146], [34.8100572964079, 135.636657270642], [34.8102038300495, 135.636604582191], [34.8105191638393, 135.636759375331], [34.8106840607505, 135.636867082813], [34.8108097489117, 135.637031383068]]"
一通,車両（特定小型原動機付自転車・自転車を除く。） 終日,,,"[[34.8099930308467, 135.631980198382], [34.8102549848761, 135.631998092563], [34.8105800184089, 135.632085562473], [34.810637718438, 135.632117070568], [34.8106954262959, 135.63214220642], [34.8107322041867, 135.63218015734], [34.810790017895, 135.632243406099], [34.8108268531704, 135.632300408045], [34.8108744223582, 135.63244625738], [34.8109015270561, 135.632744639607], [34.8108809499513, 135.632871738367], [34.8107922742173, 135.632992808508], [34.8107193311618, 135.633126488048], [34.8106620906661, 135.633253769717]]"
一通,車両（特定小型原動機付自転車・自転車を除く。） 終日,,,"[[34.8256390869336, 135.718998558719], [34.8251550060457, 135.718811277995]]"
一通,車両 終日,,,"[[34.7766836410383, 135.684393837655], [34.7767476648329, 135.684220162917], [34.776761696373, 135.684124707968], [34.7766787270939, 135.683890867626], [34.7766391920208, 135.683830315825], [34.7765676046149, 135.683813238357], [34.7764997812334, 135.683856870464], [34.7764569223387, 135.683904734082], [34.7764571818331, 135.684004460898], [34.7765796857184, 135.684298830811]]"
一通,車両（特定小型原動機付自転車・自転車を除く。） 終日,,,"[[34.7998403671499, 135.699127578107], [34.8001978899365, 135.699931534492], [34.8002964521992, 135.700244964213], [34.8007364623975, 135.700220234652], [34.8011443597068, 135.700246242526]]"
一通,車両（特定小型原動機付自転車・自転車を除く。） 終日,,,"[[34.8011100183718, 135.699649610214], [34.8006070057445, 135.699642319131], [34.8005059216141, 135.698938425971], [34.7999562719723, 135.699014179421], [34.7998574027466, 135.699075255892]]"
一通,車両（特定小型原動機付自転車・自転車を除く。） 終日,,,"[[34.8376813847577, 135.670791677953], [34.836437045312, 135.673414012547]]"
一通,車両（特定小型原動機付自転車・自転車を除く。） 終日,,,"[[34.8491832440707, 135.663606327648], [34.8502705706541, 135.663755130868], [34.8500431755871, 135.663256074375], [34.8496693585926, 135.662697144654], [34.8487748584831, 135.662563700838], [34.8487527356033, 135.662979069826], [34.8487631163078, 135.663128214051], [34.8487966636972, 135.663240981873], [34.8489601932758, 135.663478198801], [34.8489938288384, 135.663623214118]]"
一通,車両（特定小型原動機付自転車・自転車を除く。） 終日,,,"[[34.7882553821283, 135.667518978011], [34.7882705473283, 135.667526449378], [34.7884474434131, 135.667482841118], [34.788543681627, 135.667437150379]]"
一通,車両（特定小型原動機付自転車・自転車を除く。） 終日,,,"[[34.805685491115, 135.64239633228], [34.805685491115, 135.64239633228], [34.805938455704, 135.643344640314], [34.8063253122879, 135.643186174394], [34.8060747468159, 135.642248016895]]"
一通,車両（特定小型原動機付自転車・自転車を除く。） 終日,,,"[[34.8276225141231, 135.671434857098], [34.8275336987233, 135.671387412924], [34.8271000964958, 135.671391524724]]"
一通,車両（特定小型原動機付自転車・自転車を除く。） 終日,,,"[[34.7917644259297, 135.65463938183], [34.7915329685736, 135.654677275355], [34.7911555430934, 135.654826577951]]"
一通,車両 終日,,,"[[34.8236450236534, 135.72270421644], [34.8211019849118, 135.72154120674], [34.8134313537643, 135.715515038165], [34.8094883077055, 135.712361863743], [34.8020499209236, 135.706293516195], [34.7982201547577, 135.703176921986], [34.7940151616911, 135.697843023092], [34.7891164466529, 135.69185436322], [34.7865613021068, 135.688365542865], [34.783053500456, 135.678650693407], [34.7818504029022, 135.6746948456], [34.7805406622181, 135.671086376866], [34.7789701709949, 135.6679993736], [34.7757048952711, 135.664529117148], [34.7720644594826, 135.660207997044]]"
一通,車両 終日,,,"[[34.7721523132562, 135.660886781651], [34.7756579962851, 135.664941130414], [34.7786382329448, 135.668831715392], [34.7800039782796, 135.671045054091], [34.7809407527764, 135.673484144009], [34.7827197798886, 135.678724161123], [34.7850049475795, 135.686116270191], [34.7866114107958, 135.689290410378], [34.7880762893874, 135.690925677338], [34.792725079496, 135.69711029425], [34.7952551468257, 135.700202114111], [34.7986635809915, 135.704115039077], [34.8025177678922, 135.707441179065], [34.8060844370476, 135.710356554412], [34.8097403930704, 135.713076671673], [34.8143648829808, 135.717030138455], [34.8185585916312, 135.720313128823], [34.8207085996074, 135.721715975005], [34.8233594409434, 135.723095557795]]"
一通,車両 終日,,,"[[34.8015463524317, 135.70667041388], [34.8016218367554, 135.706840703813], [34.8060869937875, 135.710400591539], [34.8072268971855, 135.711307527401], [34.8098900971478, 135.713376143074], [34.8111733632862, 135.714378142687], [34.812403041838, 135.715441069639], [34.8126499554495, 135.715492278439]]"
一通,車両 終日,,,"[[34.812463746415, 135.714848081271], [34.81252782276, 135.71470904505], [34.8123881094783, 135.714640114671], [34.8067669072289, 135.709905255062], [34.8064513256165, 135.709576676196]]"
一通,車両 終日,,,"[[34.7871362639961, 135.69001191688], [34.7871509338053, 135.690165081222], [34.7880501465754, 135.69113898415], [34.7882459095203, 135.691207648189]]"
一通,車両 終日,,,"[[34.7875689858112, 135.690466452427], [34.7875814014403, 135.69069771077], [34.7892442536842, 135.692657548912], [34.7892982750772, 135.692801918033], [34.7895315886737, 135.693119088276]]"
一通,車両 終日,,,"[[34.7891662612396, 135.691817922871], [34.7891636459409, 135.691696486945], [34.7877243116771, 135.689891964688], [34.787559603195, 135.68984051894]]"
一通,車両 終日,,,"[[34.7829581765443, 135.680737635767], [34.7830613978046, 135.680991647963], [34.7831858597567, 135.681150170633], [34.783804887623, 135.682509425068], [34.783836479972, 135.682731897363], [34.7839348239595, 135.682942555161], [34.7849733802799, 135.686124453291], [34.7850336662615, 135.686401765003], [34.785431698711, 135.687271894508], [34.7860395882543, 135.688421673263], [34.7832839947651, 135.680895210638], [34.7833199707083, 135.680973130465], [34.7833630333207, 135.681003318721], [34.7833954373531, 135.681094254723], [34.7835866108296, 135.6816659331], [34.78363716095, 135.681856536226], [34.7836948205754, 135.682008083308], [34.7837526274134, 135.68221601027], [34.7837994007741, 135.682341594515], [34.7837892822193, 135.682554108096], [34.7838216964213, 135.682649393794], [34.7838938382653, 135.682878944836], [34.7839047381173, 135.682965637213], [34.7839586547349, 135.683065168102], [34.7840197153292, 135.683138645122], [34.7840664737622, 135.683203522988], [34.784098774423, 135.683255431669], [34.7841421752969, 135.683415710374], [34.7842105882191, 135.683654018252], [34.7845354316588, 135.68471523236], [34.7850041549947, 135.686144507878], [34.7850116129402, 135.686239870173], [34.7850405958402, 135.686348175965], [34.7850945541613, 135.6864650635], [34.7853468147518, 135.687131979346], [34.7854868613352, 135.687352610985], [34.7857240256193, 135.68775935596], [34.7860079884892, 135.688248316535], [34.7861513391307, 135.688351868802]]"
一通,車両 終日,,,"[[34.7988264916567, 135.70420180114], [34.798844628818, 135.704305841709], [34.7989484597854, 135.704327155383], [34.7994432100844, 135.704750455866]]"
一通,車両 終日,,,"[[34.7993501942147, 135.703892827076], [34.7992380219377, 135.703881663321], [34.7985950940555, 135.70335190641]]"
一通,車両 終日,,,"[[34.7937306156916, 135.69855952327], [34.7956083764856, 135.700757433593], [34.7979050081388, 135.703539468229], [34.7990999195868, 135.704540008535]]"
一通,車両 終日,,,"[[34.7992362020351, 135.704113027342], [34.7990086955825, 135.703737937654], [34.7972989880427, 135.701965805602], [34.7960007968555, 135.700235582827], [34.7935066665776, 135.697121945952]]"
一通,車両 終日,,,"[[34.7952174283437, 135.699291550083], [34.7943798398101, 135.698181407601]]"
一通,車両 終日,,,"[[34.7921937930241, 135.696566585884], [34.7926647730219, 135.696061784507], [34.7917193379858, 135.694755494776], [34.7915426315927, 135.694692542672]]"
一通,車両 終日,,,"[[34.7886829766162, 135.691045600243], [34.7886424970677, 135.691065987037], [34.7885947322319, 135.691057487386], [34.7883746486066, 135.690783635554]]"
一通,車両 終日,,,"[[34.7865251171823, 135.687754162711], [34.7863396398759, 135.687703568162], [34.7856614140816, 135.686241045782], [34.7854937153018, 135.685981489492], [34.7844862343146, 135.682825440434], [34.784461649473, 135.682579819247], [34.784330204903, 135.68245311494], [34.7837629736592, 135.680824799073]]"
一通,車両 終日,,,"[[34.7817720302565, 135.675593347124], [34.7817196355346, 135.675634021735], [34.7817175514751, 135.675717877101], [34.7824032039685, 135.677918065882]]"
一通,車両 終日,,,"[[34.7828749202927, 135.677557071197], [34.7821604629387, 135.675267369039], [34.7820098112161, 135.675134963149]]"
一通,車両 終日,,,"[[34.7763285516238, 135.665882311502], [34.7763172134191, 135.666113628918], [34.7792857924781, 135.670026010523], [34.7794771872102, 135.670234833936]]"
一通,車両 終日,,,"[[34.7807735917435, 135.671186589244], [34.7807734356131, 135.671128768872], [34.7807494801314, 135.671071042476], [34.7766785966833, 135.665190037857]]"
一通,車両 終日,,,"[[34.7725250743418, 135.661465318713], [34.7725424345228, 135.661531451224], [34.7725746545454, 135.661624664342], [34.7746321560262, 135.664070349373], [34.7748602424412, 135.664130478979]]"
一通,車両 終日,,,"[[34.7721659610413, 135.6604705825], [34.7721409046668, 135.660235410137]]"
一通,車両 終日,,,"[[34.7978753265114, 135.702690962935], [34.7978726548056, 135.702570978813], [34.7974288825989, 135.702057860308]]"
一通,車両 終日,,,"[[34.7948208411358, 135.699583534137], [34.7952206565348, 135.700195047492]]"
一通,車両 終日,,,"[[34.7931579367421, 135.697487479199], [34.7937418352364, 135.698254464142]]"
一通,車両 終日,,,"[[34.7745191058253, 135.662334103894], [34.7745447430229, 135.662529104321]]"
一通,車両（特定小型原動機付自転車・自転車を除く） 終日,,,"[[34.7875675169236, 135.668826707736], [34.7876109603518, 135.668995663297], [34.7874107946823, 135.669062937352]]"
一通,車両（特定小型原動機付自転車・自転車を除く） 終日,,,"[[34.7929189877694, 135.693009712917], [34.7924933789531, 135.693054638244], [34.7918317991432, 135.693187195187], [34.7917963229639, 135.693304403497], [34.7918357194466, 135.693369321595], [34.7921612884318, 135.69332041623], [34.7925009053865, 135.693236774548], [34.7929515132682, 135.693152702589]]"
一通,車両 終日,,,"[[34.8437754776806, 135.666193994266], [34.8437387973552, 135.665861431071], [34.8434938278534, 135.665681607553], [34.8432916636924, 135.665884947346], [34.843799466858, 135.666237285328], [34.8437994866576, 135.666244523801]]"
一通,車両（特定小型原動機付自転車・自転車を除く） 終日,,,"[[34.8437589538354, 135.666243418472], [34.8437053586548, 135.666265327844], [34.8435384164624, 135.666294931637], [34.84332986316, 135.666324702663], [34.8430554536591, 135.666296874196], [34.8427631324714, 135.666232947495]]"
一通,車両（特定小型原動機付自転車・自転車を除く） 終日,,,"[[34.813674526872, 135.64099474674], [34.8138007028777, 135.640689830453]]"
一通,車両（特定小型原動機付自転車・自転車を除く） 終日,,,"[[34.8124431317295, 135.639958226437], [34.812547115214, 135.640027183998], [34.8127406408677, 135.640134797497], [34.8130489640548, 135.640359023395], [34.8132533886805, 135.640518663836], [34.813651917839, 135.641007130258]]"
一通,車両 終日,,,"[[34.8124934115619, 135.71934862528], [34.8125806072174, 135.719411970048]]"
一通,車両 終日,,,"[[34.8261912806043, 135.712545939759], [34.8260413044721, 135.712682410844], [34.8260270865776, 135.712708478948], [34.826011659946, 135.712741810366], [34.8260070207801, 135.712792443748], [34.8261471623445, 135.713037835887], [34.8261770002097, 135.713059423859], [34.8262032454558, 135.713056425956], [34.8263818891077, 135.71296470245]]"
一通,車両 終日,,,"[[34.8260660126668, 135.712549233765], [34.8260420506414, 135.712511708136], [34.8260015460822, 135.712523413676], [34.8259752939115, 135.712523503732], [34.8258871901755, 135.71259613528], [34.8258872592709, 135.712625062396], [34.8259255358032, 135.712676991657]]"
一通,車両 終日,,,"[[34.8011046832434, 135.698657338824], [34.8009517991294, 135.698602220321], [34.8009206812383, 135.698558945617], [34.8009276435607, 135.698457720035], [34.8009024251, 135.698408653665], [34.8008200559302, 135.698375706384], [34.8007772346166, 135.698412013625], [34.8007562031315, 135.698598577863], [34.8007790629919, 135.698656330161], [34.8010942128666, 135.698739823471]]"
一通,車両（特定小型原動機付自転車・自転車を除く。） 終日,,,"[[34.8007510530237, 135.698674332702], [34.8005584949919, 135.698674329298], [34.8005101827418, 135.698911613368]]"
一通,車両 終日,,,"[[34.8190877203437, 135.653064352297], [34.8192529075878, 135.653496197098]]"
一通,車両 終日,,,"[[34.8039054701159, 135.745341527961], [34.8038842224445, 135.745411410776], [34.8039352184186, 135.74560547751], [34.803943717734, 135.745633919524], [34.8039245808438, 135.745675332576], [34.8038884732733, 135.745701191374]]"
一通,車両（特定小型原動機付自転車・自転車を除く。） 終日,,,"[[34.8521560036743, 135.678620453453], [34.8520227516205, 135.678455500862], [34.8519699799546, 135.678455502014]]"
一通,車両 終日,,,"[[34.7681635689358, 135.664621122424], [34.7680821009703, 135.664248407664], [34.7679487814707, 135.664122671127], [34.7678487943023, 135.664201248769], [34.7680321128547, 135.664672758544]]"
一通,車両 終日,,,"[[34.7750642138181, 135.663825171134], [34.7751362868541, 135.663708625418], [34.7730363741668, 135.661321519167]]"
一通,車両 終日,,,"[[34.7729554368556, 135.661188310478], [34.7727602912478, 135.661098654907], [34.7726006132107, 135.660973168801]]"
一通,車両（特定小型原動機付自転車・自転車を除く。） 終日,,,"[[34.7891808094109, 135.659263110601], [34.7892261097152, 135.659259082782], [34.7900756582676, 135.659520301009], [34.7904446407563, 135.659383643574]]"
一通,車両（特定小型原動機付自転車・自転車を除く。） 終日,,,"[[34.7708862667155, 135.667335609602], [34.7711099362793, 135.667322273505], [34.7714306773633, 135.667237192283], [34.7717430295483, 135.667094616542], [34.7720070256944, 135.666938987355], [34.7720363564823, 135.666983454954]]"
一通,車両 終日,,,"[[34.8221382034669, 135.722092370649], [34.8220453418271, 135.721948739179], [34.8215170881931, 135.721708050536], [34.8209968597681, 135.72141880983], [34.8201788598279, 135.720819001086], [34.8200796167276, 135.72082288802]]"
一通,車両 終日,,,"[[34.819567595311, 135.721227690208], [34.81958418024, 135.721298796708], [34.8196134838728, 135.721317351197], [34.8199246579538, 135.721503785326], [34.8200546810493, 135.721593448454], [34.8207887369912, 135.722071125145], [34.8208601218251, 135.722086597672], [34.821789458838, 135.722585907814], [34.8218990903204, 135.722579743633]]"
一通,車両 終日,,,"[[34.8163813858335, 135.647968994562], [34.816370359357, 135.64797435536], [34.8161847409151, 135.648003828052], [34.8160013753212, 135.648161927468], [34.8164587532526, 135.648574519389], [34.8166642232337, 135.648234242342], [34.8164587398766, 135.648017238654]]"
一通,車両 終日,,,"[[34.8137731718235, 135.717741019005], [34.8136581365796, 135.718023635766], [34.8135442965179, 135.718339999695], [34.8134491482563, 135.718636087292], [34.8132785082371, 135.718961977922]]"
一通,車両 終日,,,"[[34.8163820834868, 135.648105759421], [34.8162362715124, 135.648349572311]]"
一通,車両 終日,,,"[[34.8161880533525, 135.648305188457], [34.8163427249811, 135.64803993299]]"
一通,車両 終日,,,"[[34.8162278231979, 135.648150924532], [34.8162234068722, 135.648145564005], [34.816159328681, 135.648075905032]]"
右禁,車両 終日,,,"[[34.8003343703823, 135.629706956274]]"
右禁,車両 終日,,,"[[34.7996468804089, 135.629269635226]]"
右禁,車両 終日,,,"[[34.8113437370809, 135.63447543408]]"
右禁,車両 終日,,,"[[34.8113437370809, 135.63447543408]]"
右禁,車両 終日,,,"[[34.8012974698269, 135.631126548742]]"
右禁,車両 終日,,,"[[34.8012974698269, 135.631126548742]]"
右禁,車両 午前７時から午前９時まで（日曜、休日、１月２日及び１月３日を除く。）,700.0,900.0,"[[34.7804086788686, 135.657522546804]]"
右禁,車両 午前７時から午前９時まで（日曜、休日、１月２日及び１月３日を除く。）,700.0,900.0,"[[34.7814135624757, 135.654177109797]]"
右禁,車両 午前７時から午前９時まで（日曜、休日、１月２日及び１月３日を除く。）,700.0,900.0,"[[34.7811901075221, 135.655314594823]]"
右禁,車両 午前７時から午前９時まで（日曜、休日、１月２日及び１月３日を除く。）,700.0,900.0,"[[34.7815530824422, 135.653025515788]]"
右禁,車両 午前７時から午前９時まで（日曜、休日、１月２日及び１月３日を除く。）,700.0,900.0,"[[34.7819240453201, 135.65014962795]]"
右禁,車両 午前６時から午前９時まで（日曜、休日、１月２日及び１月３日を除く。）,600.0,900.0,"[[34.7818572834841, 135.650616003915]]"
右禁,車両（大型乗用自動車、特定中型乗用自動車、タクシー、自動二輪車及び一般原動機付自転車を除く。） 午前７時から午前９時まで（日曜、休日、１月２日及び１月３日を除く。）,700.0,900.0,"[[34.7793697604505, 135.660222815746]]"
右禁,車両（大型乗用自動車、特定中型乗用自動車、タクシー、自動二輪車及び一般原動機付自転車を除く。） 午前７時から午前９時まで（日曜、休日、１月２日及び１月３日を除く。）,700.0,900.0,"[[34.7793697604505, 135.660222815746]]"
右禁,車両 終日,,,"[[34.8270233285717, 135.685105760806]]"
右禁,車両 終日,,,"[[34.8192565672925, 135.64859369045]]"
右禁,車両 終日,,,"[[34.8192565672925, 135.64859369045]]"
右禁,車両 終日,,,"[[34.8192565672925, 135.64859369045]]"
右禁,車両 終日,,,"[[34.8192565672925, 135.64859369045]]"
右禁,車両 終日,,,"[[34.8167614541398, 135.646605365069]]"
右禁,車両 終日,,,"[[34.8156848065981, 135.643053263065]]"
右禁,車両 終日,,,"[[34.8164240547153, 135.645639403649]]"
右禁,車両 終日,,,"[[34.7851934015496, 135.668148697788]]"
右禁,車両 終日,,,"[[34.7827726483348, 135.665479416473]]"
右禁,車両 終日,,,"[[34.7838372973101, 135.666856286276]]"
右禁,車両 終日,,,"[[34.7807739181731, 135.663296030982]]"
右禁,車両 終日,,,"[[34.7893754205283, 135.66937681466]]"
右禁,車両（特定小型原動機付自転車・自転車を除く。） 午前７時から午前８時３０分まで（日曜及び休日を除く。）,700.0,830.0,"[[34.7925297314838, 135.627888281882]]"
右禁,車両（特定小型原動機付自転車・自転車を除く。） 終日,,,"[[34.8141072101384, 135.669266333457]]"
右禁,車両 終日,,,"[[34.8600690522864, 135.680857154835]]"
右禁,車両 終日,,,"[[34.8200030761218, 135.648814628451]]"
右禁,車両 終日,,,"[[34.8372833349982, 135.658012830361]]"
右禁,車両 終日,,,"[[34.8405299387692, 135.661041410833]]"
右禁,車両 終日,,,"[[34.8405299387692, 135.661041410833]]"
右禁,車両 終日,,,"[[34.8408145151883, 135.661305100924]]"
右禁,車両 終日,,,"[[34.8408145151883, 135.661305100924]]"
右禁,車両 終日,,,"[[34.8427810528682, 135.663161262989]]"
右禁,車両 終日,,,"[[34.8427810528682, 135.663161262989]]"
右禁,車両 終日,,,"[[34.8439817941591, 135.664279041608]]"
右禁,車両 終日,,,"[[34.8439817941591, 135.664279041608]]"
右禁,車両 終日,,,"[[34.8458010702054, 135.665994327985]]"
右禁,車両 終日,,,"[[34.8458010702054, 135.665994327985]]"
右禁,車両 終日,,,"[[34.8489017659458, 135.6678436269]]"
右禁,車両 終日,,,"[[34.7830448325194, 135.665809565035]]"
右禁,車両 終日,,,"[[34.8276429406495, 135.652367390988]]"
右禁,車両 終日,,,"[[34.8276429406495, 135.652367390988]]"
右禁,車両 終日,,,"[[34.8496658534881, 135.668225043299]]"
右禁,車両 終日,,,"[[34.8514599856231, 135.669202958855]]"
右禁,車両 終日,,,"[[34.851849178792, 135.669414178506]]"
右禁,車両 終日,,,"[[34.851849178792, 135.669414178506]]"
右禁,車両 終日,,,"[[34.8738870477787, 135.678947320763]]"
右禁,車両 終日,,,"[[34.8026508863902, 135.643211361332]]"
右禁,車両 終日,,,"[[34.8031579185769, 135.631831328696]]"
右禁,車両（特定小型原動機付自転車・自転車を除く。） 午前７時から午前９時まで,700.0,900.0,"[[34.8031064837711, 135.635084719444]]"
右禁,車両（特定小型原動機付自転車・自転車を除く。） 午前７時から午前９時まで,700.0,900.0,"[[34.8012067173642, 135.63301339344]]"
右禁,車両（特定小型原動機付自転車・自転車を除く。） 午前７時から午前９時まで,700.0,900.0,"[[34.7933778204898, 135.629833752852]]"
右禁,大型貨物自動車、特定中型貨物自動車及び大型特殊自動車 午前７時から午前９時まで,700.0,900.0,"[[34.8006180118145, 135.734994523254]]"
右禁,車両(特定小型原動機付自転車・自転車を除く) 終日,,,"[[34.8556117589091, 135.683402603863]]"
右禁,車両(特定小型原動機付自転車・自転車を除く) 終日,,,"[[34.8556117589091, 135.683402603863]]"
右禁,車両 終日,,,"[[34.8545575643398, 135.683412229887]]"
右禁,車両 終日,,,"[[34.8545575643398, 135.683412229887]]"
右禁,車両 終日,,,"[[34.8524083507543, 135.683412573309]]"
右禁,車両 終日,,,"[[34.8524083507543, 135.683412573309]]"
右禁,大型貨物自動車、特定中型貨物自動車及び大型特殊自動車 終日,,,"[[34.8191446546697, 135.652895061758]]"
右禁,車両 終日,,,"[[34.848703098774, 135.667690591419]]"
右禁,最大積載量3000キログラム以上の準中型貨物自動車及び中型貨物自動車（特定中型貨物自動車を除く。）、特定中型自動車、大型自動車並びに大型特殊自動車 終日,,,"[[34.8194709412163, 135.705089606571]]"
右禁,車両 終日,,,"[[34.8268230312224, 135.683139847881]]"
右禁,車両 終日,,,"[[34.8268230312224, 135.683139847881]]"
右禁,車両 終日,,,"[[34.8278800389346, 135.682712557901]]"
右禁,車両 終日,,,"[[34.8278800389346, 135.682712557901]]"
右禁,車両 終日,,,"[[34.8288750353659, 135.68261043217]]"
右禁,車両 終日,,,"[[34.7811429785354, 135.661664351361]]"
右禁,車両 終日,,,"[[34.8624641417774, 135.674958325256]]"
右禁,車両 終日,,,"[[34.8619967772365, 135.674774378353]]"
右禁,車両（特定小型原動機付自転車・自転車を除く。） 終日,,,"[[34.8311262867741, 135.654709487617]]"
右禁,車両 終日,,,"[[34.8162453427431, 135.646619594836]]"
右禁,車両 終日,,,"[[34.8162453427431, 135.646619594836]]"
右禁,車両 終日,,,"[[34.8499173825297, 135.673364479887]]"
右禁,車両 終日,,,"[[34.8499173825297, 135.673364479887]]"
右禁,車両 終日,,,"[[34.8106495100736, 135.632621636391]]"
右禁,車両 終日,,,"[[34.801092559452, 135.697057563777]]"
右禁,車両 終日,,,"[[34.8502968508869, 135.684104132333]]"
右禁,車両 終日,,,"[[34.8136871547246, 135.653020651256]]"
右禁,車両 終日,,,"[[34.8629288647919, 135.676974394881]]"
右禁,大型貨物自動車、特定中型貨物自動車及び大型特殊自動車 終日,,,"[[34.7889439911403, 135.658747326567]]"
右禁,最大積載量3000キログラム以上の準中型貨物自動車及び中型貨物自動車（特定中型貨物自動車を除く。）、特定中型自動車、大型自動車並びに大型特殊自動車 終日,,,"[[34.7746944222738, 135.654433437763]]"
右禁,車両 終日,,,"[[34.8146720221767, 135.703346988726]]"
右禁,車両（特定小型原動機付自転車・自転車を除く。） 午前７時から午前９時まで,700.0,900.0,"[[34.7967305178552, 135.629831268516]]"
右禁,車両 終日,,,"[[34.766807486839, 135.674570242606]]"
右禁,車両 終日,,,"[[34.7855191345346, 135.673252710168]]"
右禁,車両 終日,,,"[[34.7872337271637, 135.674300105475]]"
右禁,車両（特定小型原動機付自転車・自転車を除く。） 終日,,,"[[34.7942529283689, 135.689306352001]]"
右禁,車両（特定小型原動機付自転車・自転車を除く） 終日,,,"[[34.7855662950026, 135.675303433223]]"
右禁,車両 終日,,,"[[34.8024697154358, 135.640470809249]]"
右禁,車両（特定小型原動機付自転車・自転車を除く。） 終日,,,"[[34.8088262685748, 135.637931871857]]"
右禁,車両（特定小型原動機付自転車・自転車を除く。） 終日,,,"[[34.8088262685748, 135.637931871857]]"
右禁,車両（特定小型原動機付自転車・自転車を除く。） 終日,,,"[[34.8109197435879, 135.638600013121]]"
右禁,車両 終日,,,"[[34.7784834917477, 135.682408536874]]"
右禁,車両 終日,,,"[[34.8112514002089, 135.633573795437]]"
右禁,車両（特定小型原動機付自転車・自転車を除く） 終日,,,"[[34.799995075493, 135.672427543628]]"
右禁,車両 終日,,,"[[34.8262687265978, 135.712551349439]]"
左禁,車両 終日,,,"[[34.8113449866762, 135.634458602287]]"
左禁,自動車（大型乗用自動車、特定中型乗用自動車、タクシー及び自動二輪車を除く。） 午前７時から午前９時まで（日曜、休日、１月２日及び１月３日を除く。）,700.0,900.0,"[[34.7793940352489, 135.6602137608]]"
左禁,自動車（大型乗用自動車、特定中型乗用自動車、タクシー及び自動二輪車を除く。） 午前７時から午前９時まで（日曜、休日、１月２日及び１月３日を除く。）,700.0,900.0,"[[34.7793940352489, 135.6602137608]]"
左禁,車両 終日,,,"[[34.8012899705435, 135.631101939628]]"
左禁,車両 午前７時から午前９時まで,700.0,900.0,"[[34.814924121237, 135.661895458526]]"
左禁,車両 午前６時から午前９時まで（日曜、休日、１月２日及び１月３日を除く。）,600.0,900.0,"[[34.7818654212985, 135.650611004292]]"
左禁,車両 午前７時から午前８時３０分まで,700.0,830.0,"[[34.7973512400357, 135.627674380521]]"
左禁,車両（特定小型原動機付自転車・自転車を除く。） 午前７時から午後８時３０分まで（日曜及び休日を除く。）,700.0,2030.0,"[[34.7925087899587, 135.627900122655]]"
左禁,車両（特定小型原動機付自転車・自転車を除く。） 終日,,,"[[34.851863141873, 135.669446213993]]"
左禁,車両（特定小型原動機付自転車・自転車を除く。） 午前７時から午前９時まで,700.0,900.0,"[[34.803100151224, 135.635089885701]]"
左禁,車両 終日,,,"[[34.8556203386646, 135.683375439817]]"
左禁,車両 終日,,,"[[34.8191899829626, 135.652885895121]]"
左禁,最大積載量3000キログラム以上の準中型貨物自動車及び中型貨物自動車（特定中型貨物自動車を除く。）、特定中型自動車、大型自動車並びに大型特殊自動車 終日,,,"[[34.8194621089305, 135.705088856826]]"
左禁,車両（特定小型原動機付自転車・自転車を除く。） 終日,,,"[[34.7811527272686, 135.661657407479]]"
左禁,車両 終日,,,"[[34.8624741962315, 135.674956019785]]"
左禁,車両 終日,,,"[[34.8620018609705, 135.674783516248]]"
左禁,車両（特定小型原動機付自転車・自転車を除く。） 終日,,,"[[34.8311261477805, 135.654704349239]]"
左禁,車両 終日,,,"[[34.8192589004837, 135.648598106656]]"
左禁,車両（特定小型原動機付自転車・自転車を除く。） 終日,,,"[[34.81510457437, 135.64941364959]]"
左禁,普通乗用自動車、準中型乗用自動車及び特定中型自動車以外の中型乗用自動車（タクシーを除く。） 午前７時から午前８時３０分まで（日曜、休日、１月２日及び１月３日を除く。）,700.0,830.0,"[[34.8164838443192, 135.650165007711]]"
左禁,車両 終日,,,"[[34.8629203384354, 135.676981172094]]"
左禁,車両（特定小型原動機付自転車・自転車を除く。） 午前７時から午前９時まで,700.0,900.0,"[[34.8181989405474, 135.684350866183]]"
左禁,車両（特定小型原動機付自転車・自転車を除く。） 午前７時から午前９時まで,700.0,900.0,"[[34.7967406277719, 135.629845656381]]"
左禁,大型貨物自動車、特定中型貨物自動車及び大型特殊自動車 終日,,,"[[34.7889449353159, 135.658740354974]]"
左禁,最大積載量3000キログラム以上の準中型貨物自動車及び中型貨物自動車（特定中型貨物自動車を除く。）、特定中型自動車、大型自動車並びに大型特殊自動車 終日,,,"[[34.7746942555983, 135.654431104634]]"
左禁,車両（特定小型原動機付自転車・自転車を除く。） 終日,,,"[[34.8146737719227, 135.703342905763]]"
左禁,車両（特定小型原動機付自転車・自転車を除く。） 終日,,,"[[34.7942571779807, 135.689310212728]]"
左禁,車両（特定小型原動機付自転車・自転車を除く） 終日,,,"[[34.7855617402754, 135.675315987502]]"
左禁,車両（特定小型原動機付自転車・自転車を除く。） 終日,,,"[[34.8109102167008, 135.638590958476]]"
左禁,車両 午前７時から午前９時まで,700.0,900.0,"[[34.7669064559809, 135.663902151227]]"
左禁,車両（特定小型原動機付自転車・自転車を除く） 終日,,,"[[34.7999848544614, 135.672430210134]]"
左禁,車両 終日,,,"[[34.8262547829198, 135.712545960735]]"
左禁,大型貨物自動車、特定中型貨物自動車及び大型特殊自動車 終日,,,"[[34.8192979593264, 135.653536775735]]"
